Individual,Group,Age,Gender,Handedness,Weight (kg),AVG_GRIP,SIDEDNESS,Total_AVG_GRIP
1,MIDDLE,11,F,R,55.0,18.48484848,LEFT,26.54545455
2,MIDDLE,12,M,R,48.5,24.90306442,LEFT,26.51969981
3,MIDDLE,12,M,R,45.5,55.88,LEFT,54.67
4,MIDDLE,12,M,R,56.4,25.07526882,LEFT,25.69623656
5,MIDDLE,12,M,R,45.3,34.60381143,LEFT,40.73888332
6,MIDDLE,12,M,R,72.6,32.79098874,LEFT,36.02419691
7,MIDDLE,13,M,R,43.9,58.31608006,LEFT,61.26639061
8,MIDDLE,12,M,R,78.6,28.16763006,LEFT,32.60578035
9,MIDDLE,12,M,R,55.5,42.40437158,LEFT,47.88251366
10,MIDDLE,12,M,R,50.0,41.7,LEFT,45.64
11,MIDDLE,12,M,R,79.5,30.54857143,LEFT,33.84228571
12,MIDDLE,12,M,R,77.3,33.64705882,LEFT,39.21176471
13,MIDDLE,12,M,R,47.9,31.75205566,LEFT,35.67362429
14,MIDDLE,12,F,R,43.1,30.67510549,LEFT,32.60196906
15,MIDDLE,12,M,R,36.6,36.57568238,LEFT,45.96526055
16,MIDDLE,12,M,R,59.5,40.78746177,LEFT,46.9266055
17,MIDDLE,12,M,R,72.7,23.29166667,LEFT,23.0625
18,ADULT,28,F,R,63.1,39.78386167,LEFT,42.6685879
19,ADULT,26,M,R,77.1,40.27712264,LEFT,39.8490566
20,MIDDLE,13,F,R,50.1,32.24440411,LEFT,30.91349062
21,MIDDLE,12,F,R,59.1,35.38461538,LEFT,37.94871795
22,ELEMENTARY,9,F,R,39.5,27.81609195,LEFT,26.74329502
23,MIDDLE,11,F,R,38.7,35.75899844,LEFT,36.69796557
24,ELEMENTARY,9,F,R,35.5,34.78632479,LEFT,42.94871795
25,MIDDLE,12,F,R,40.3,53.72460497,LEFT,53.02859293
26,ELEMENTARY,8,F,R,29.3,31.72877847,LEFT,31.28881988
27,MIDDLE,12,F,R,56.3,35.11039311,LEFT,48.68066774
28,MIDDLE,12,F,R,56.2,36.80948531,LEFT,38.27809216
29,ELEMENTARY,11,F,R,55.2,24.3272927,LEFT,26.22185612
30,MIDDLE,12,F,R,37.4,36.65855637,LEFT,39.6999189
31,ELEMENTARY,9,F,R,28.3,44.15862808,LEFT,41.80064309
32,ADULT,18,F,R,56.8,39.62666667,LEFT,44.08
33,ELEMENTARY,8,F,R,54.6,19.20621704,LEFT,19.84457397
34,ELEMENTARY,9,F,R,37.4,24.24979724,LEFT,32.31954582
35,ELEMENTARY,8,M,R,24.4,38.80597015,LEFT,39.17910448
36,ELEMENTARY,8,F,R,33.6,42.79279279,LEFT,43.35585586
37,ELEMENTARY,9,M,R,26.3,16.89734717,LEFT,22.89504037
38,ELEMENTARY,9,M,R,34.5,19.03508772,LEFT,19.60526316
39,ELEMENTARY,9,M,R,56.2,11.73139159,LEFT,12.29773463
40,ELEMENTARY,9,M,R,95.5,21,LEFT,24.17460317
41,ELEMENTARY,9,M,R,33.6,50.36036036,LEFT,51.44144144
42,ELEMENTARY,9,M,R,23.9,29.15082383,LEFT,36.05830165
43,ELEMENTARY,8,M,R,41.0,36.58536585,LEFT,37.21359941
44,ELEMENTARY,9,F,R,31.8,36.57142857,LEFT,39.14285714
45,ELEMENTARY,8,M,R,32.3,46.90140845,LEFT,48.50704225
46,ELEMENTARY,9,M,R,41.8,25.65217391,LEFT,27.57246377
47,ELEMENTARY,9,F,R,53.7,24.30908065,LEFT,26.50874224
48,ELEMENTARY,9,F,R,25.9,38.24561404,LEFT,37.89473684
49,ELEMENTARY,9,F,R,23.4,34.88975357,LEFT,37.93774319
50,ELEMENTARY,8,M,R,24.0,52.14646465,LEFT,57.95454545
51,ELEMENTARY,8,M,R,31.5,39.86551393,LEFT,37.06772334
52,ELEMENTARY,7,M,R,23.9,27.24968314,LEFT,29.15082383
53,ELEMENTARY,8,M,R,29.2,18.38006231,LEFT,31.51609553
54,ELEMENTARY,7,M,R,26.6,36.51877133,LEFT,42.5483504
55,ELEMENTARY,7,F,R,40.1,18.6696901,LEFT,27.13529856
56,ELEMENTARY,7,M,R,33.5,35.50135501,LEFT,35.41102078
57,ELEMENTARY,7,F,R,33.7,23.45013477,LEFT,24.03414196
58,ELEMENTARY,7,F,R,20.8,45.26928675,LEFT,46.65211063
59,ELEMENTARY,6,F,L,24.8,32.23443223,LEFT,28.94078144
60,ELEMENTARY,7,F,R,22.3,35.37414966,LEFT,36.97278912
61,ELEMENTARY,7,F,R,36.4,38,LEFT,35.20833333
62,HIGHSCHOOL,17,F,R,77.3,45.29411765,LEFT,47.1372549
63,HIGHSCHOOL,17,F,R,52.5,41.58016148,LEFT,37.5432526
64,HIGHSCHOOL,17,F,R,67.7,43.75838926,LEFT,46.24161074
65,HIGHSCHOOL,17,F,R,75.0,30.04040404,LEFT,31.96969697
66,HIGHSCHOOL,17,F,R,60.0,26.56565657,LEFT,32.3989899
67,HIGHSCHOOL,17,F,R,79.5,25.1047619,LEFT,22.51428571
68,HIGHSCHOOL,17,F,R,48.4,37.49608764,LEFT,36.5571205
69,HIGHSCHOOL,17,F,R,48.9,28.93432466,LEFT,31.25774473
70,HIGHSCHOOL,17,F,R,68.2,39.77777778,LEFT,42.42222222
71,HIGHSCHOOL,17,F,R,70.5,27.05376344,LEFT,35.50537634
72,HIGHSCHOOL,16,F,R,44.5,34.55782313,LEFT,43.0952381
73,HIGHSCHOOL,16,F,R,71.4,38.25902335,LEFT,42.18683652
74,HIGHSCHOOL,16,F,R,61.4,23.25925926,LEFT,28.07407407
75,HIGHSCHOOL,16,F,R,51.3,41.31205674,LEFT,44.23758865
76,HIGHSCHOOL,16,F,R,48.2,40.88050314,LEFT,46.85534591
77,HIGHSCHOOL,16,F,R,75.0,28.28282828,LEFT,28.98989899
78,HIGHSCHOOL,16,F,R,50.0,32.60606061,LEFT,39.27272727
79,HIGHSCHOOL,16,F,R,42.1,25.70194384,LEFT,28.40172786
80,HIGHSCHOOL,16,F,R,52.7,51.20689655,LEFT,49.97126437
81,HIGHSCHOOL,16,F,R,63.6,17.42857143,LEFT,20.54761905
82,HIGHSCHOOL,16,F,R,47.2,40.14129737,LEFT,45.02247913
83,HIGHSCHOOL,16,F,R,63.6,31.38095238,LEFT,37.21428571
84,HIGHSCHOOL,16,M,R,62.7,41.06280193,LEFT,44.92753623
85,HIGHSCHOOL,16,F,L,50.0,36.96969697,LEFT,39.09090909
86,HIGHSCHOOL,16,F,L,63.6,33.66666667,LEFT,27.97619048
87,ELEMENTARY,10,M,R,31.4,28.46940745,LEFT,30.68905617
88,ELEMENTARY,9,M,R,34.4,39.37632135,LEFT,37.43833686
89,ELEMENTARY,8,F,R,30.5,34.5752608,LEFT,39.89071038
90,ELEMENTARY,11,M,R,38.6,32.81519862,LEFT,37.32925106
91,MIDDLE,12,M,R,44.1,45.55761699,LEFT,46.96626125
92,ELEMENTARY,9,M,R,31.8,43.92986468,LEFT,47.93215171
93,HIGHSCHOOL,19.55373032,M,R,76.8,43.82642998,LEFT,44.33925049
94,HIGHSCHOOL,18.4312115,F,R,65.5,41.80555556,LEFT,44.49074074
95,HIGHSCHOOL,19.9835729,M,R,53.6,64.74576271,LEFT,64.26553672
96,HIGHSCHOOL,15.85489391,F,R,39.4,45.18860662,LEFT,51.19322556
97,HIGHSCHOOL,19.44147844,M,R,61.5,47.31659281,LEFT,50.36927622
98,HIGHSCHOOL,17.76043806,F,R,80.5,33.82297552,LEFT,37.15630885
99,HIGHSCHOOL,16.54483231,M,R,73.6,51.85185185,LEFT,58.38477366
100,HIGHSCHOOL,16.25462012,F,R,52.3,30.7826087,LEFT,31.27536232
101,HIGHSCHOOL,16.39698836,F,R,46.8,33.98058252,LEFT,34.17475728
102,HIGHSCHOOL,15.41957563,F,L,57.3,44.02116402,LEFT,43.67724868
103,HIGHSCHOOL,15.6659822,F,R,59.5,43.71501272,LEFT,43.4605598
104,HIGHSCHOOL,15.57563313,F,R,61.4,32.24691358,LEFT,35.65432099
105,HIGHSCHOOL,18.25598905,F,R,57.5,36.33491311,LEFT,38.88888889
106,HIGHSCHOOL,15.50992471,F,L,71.8,34.1350211,LEFT,37.17299578
107,HIGHSCHOOL,15.50992471,M,R,83.2,59.45355191,LEFT,63.49726776
108,HIGHSCHOOL,18.80629706,F,R,57.2,35.71807101,LEFT,37.5463699
109,HIGHSCHOOL,19.08008214,F,R,76.3,28.36710369,LEFT,30.69129917
110,HIGHSCHOOL,16.31759069,M,R,73.2,42.52587992,LEFT,44.67908903
111,HIGHSCHOOL,15.26899384,F,R,76.1,21.10712863,LEFT,20.17124652
112,HIGHSCHOOL,15.09650924,F,R,81.8,26.40740741,LEFT,24.81481481
113,HIGHSCHOOL,14.94592745,F,R,59.1,41.07692308,LEFT,41.94871795
114,HIGHSCHOOL,16.10130048,M,R,97.8,40.7063197,LEFT,43.30855019
115,HIGHSCHOOL,17.85900068,M,R,67.3,53.73873874,LEFT,53.87387387
116,HIGHSCHOOL,17.87816564,F,R,59.1,49.33333333,LEFT,50.84615385
117,HIGHSCHOOL,18.05065024,F,R,61.4,32.54320988,LEFT,32.39506173
118,HIGHSCHOOL,15.92060233,M,R,79.5,35.02857143,LEFT,32.85714286
119,HIGHSCHOOL,14.65023956,F,R,63.6,14.28571429,LEFT,19.28571429
120,HIGHSCHOOL,14.80355921,F,R,76.8,28.91518738,LEFT,30.53254438
121,HIGHSCHOOL,15.96167009,F,R,65.9,21.51724138,LEFT,22.55172414
122,HIGHSCHOOL,18.01232033,M,R,128.1,10.3383014,LEFT,14.36006624
123,HIGHSCHOOL,15.04449008,F,R,48.6,31.77570093,LEFT,33.64485981
124,HIGHSCHOOL,14.91854894,F,R,55.5,32.07650273,LEFT,36.51639344
125,HIGHSCHOOL,14.7761807,F,R,65.9,19.44827586,LEFT,24.28735632
126,HIGHSCHOOL,14.10540726,F,R,68.8,21.2681638,LEFT,25.95772787
127,HIGHSCHOOL,13.34428474,F,R,50.5,19.6996997,LEFT,16.72672673
128,HIGHSCHOOL,14.72689938,F,R,66.8,19.59183673,LEFT,21.42857143
129,HIGHSCHOOL,17.16358658,M,R,59.1,55.8974359,LEFT,57.43589744
130,HIGHSCHOOL,16.50102669,M,R,62.7,54.00966184,LEFT,53.04347826
131,HIGHSCHOOL,14.83641342,F,R,88.4,21.26200274,LEFT,22.8909465
132,HIGHSCHOOL,14.52156057,F,R,86.4,15.85964912,LEFT,19.0877193
133,HIGHSCHOOL,14.57357974,F,R,95.5,20,LEFT,20.53968254
134,HIGHSCHOOL,15.00342231,F,R,75.0,36.4040404,LEFT,40.55555556
135,HIGHSCHOOL,14.9650924,M,R,104.5,35.91304348,LEFT,37.44927536
136,HIGHSCHOOL,15.67419576,M,R,54.5,56.11111111,LEFT,58.19444444
137,HIGHSCHOOL,16.38056126,F,R,76.4,28.76984127,LEFT,29.92063492
138,HIGHSCHOOL,14.5927447,F,R,45.0,43.0976431,LEFT,45.28619529
139,HIGHSCHOOL,15.00068446,M,R,56.8,53.76,LEFT,54.90666667
140,ADULT,35.8220397,M,R,88.6,34.01709402,LEFT,39.96581197
141,ADULT,64.32306639,M,R,89.5,39.26151762,LEFT,39.00745257
142,ADULT,26.19849418,M,R,105.6,39.78772232,LEFT,41.72403901
143,ADULT,60.678987,F,R,72.7,26.125,LEFT,26.875
144,ADULT,41.93839836,F,R,47.7,46.53968254,LEFT,47.14285714
145,ADULT,54.16563997,M,R,112.7,37.7688172,LEFT,42.24462366
146,ADULT,52.62970568,M,R,87.3,47.88194444,LEFT,51.71875
147,ADULT,38.14099932,M,R,100.9,56.60660661,LEFT,60
148,ADULT,35.69062286,F,R,65.0,39.62703963,LEFT,44.75524476
149,ADULT,54.72963723,F,R,63.6,31.66666667,LEFT,35.30952381
150,ADULT,62.48870637,F,R,95.5,27.80952381,LEFT,26.82539683
151,ADULT,42.00958248,M,R,122.7,46.27160494,LEFT,47.56790123
152,ELEMENTARY,6.097193703,F,R,20.5,21.23893805,LEFT,26.179941
153,ADULT,41.09514031,F,R,90.0,32.69360269,LEFT,35.67340067
154,MIDDLE,12.94455852,F,R,55.9,32.62872629,LEFT,36.96476965
155,ADULT,34.88295688,F,R,75.0,37.65656566,LEFT,39.75757576
156,ADULT,24.05201916,F,R,70.5,44.98924731,LEFT,48.27956989
157,ADULT,37.28131417,M,R,77.3,33.09803922,LEFT,34.98039216
158,ADULT,17.29226557,M,R,87.3,66.35416667,LEFT,65.52083333
159,ADULT,33.89459274,F,R,80.9,31.01123596,LEFT,32.34082397
160,ADULT,30.7652293,F,R,84.1,34.45045045,LEFT,34.59459459
161,ADULT,37.08692676,F,R,90.9,34.16666667,LEFT,36.36666667
162,ADULT,60.58042437,F,R,53.6,30.2259887,LEFT,34.5480226
163,HIGHSCHOOL,18.13826146,F,R,52.6,34.08175014,LEFT,37.39205527
164,HIGHSCHOOL,17.96577687,F,R,86.4,34.9122807,LEFT,34.22807018
165,HIGHSCHOOL,17.58795346,F,R,72.7,36,LEFT,38.20833333
166,ADULT,29.00479124,M,R,79.5,67.42857143,LEFT,71.42857143
167,ADULT,45.45653662,F,R,68.2,44.35555556,LEFT,45.08888889
168,HIGHSCHOOL,18.57631759,F,R,49.7,33.45521024,LEFT,39.3662401
169,HIGHSCHOOL,17.80698152,F,R,54.5,27.27777778,LEFT,29.86111111
170,ADULT,26.57631759,F,R,70.5,29.16129032,LEFT,28.04301075
171,ADULT,24.73648186,M,R,95.5,61.36507937,LEFT,64.58730159
172,HIGHSCHOOL,18.0862423,M,R,81.8,47.2962963,LEFT,49.75925926
173,HIGHSCHOOL,17.93292266,F,R,60.9,35.37313433,LEFT,40.12437811
174,HIGHSCHOOL,17.85626283,M,R,54.5,46.61111111,LEFT,53.80555556
175,HIGHSCHOOL,17.41546886,M,R,75.0,42.94949495,LEFT,46.42424242
176,HIGHSCHOOL,17.45379877,M,R,79.5,43.92380952,LEFT,46.32380952
177,HIGHSCHOOL,17.47843943,F,R,44.5,38.97959184,LEFT,45.44217687
178,HIGHSCHOOL,18.47227926,F,R,57.4,46.01162176,LEFT,42.94770206
179,HIGHSCHOOL,18.20396988,F,R,59.1,46.20512821,LEFT,47.41025641
180,HIGHSCHOOL,18.00684463,M,R,77.3,56.2745098,LEFT,60.19607843
181,HIGHSCHOOL,17.42368241,M,R,59.8,51.21580547,LEFT,57.16818642
182,HIGHSCHOOL,18.33812457,M,R,97.7,44.34108527,LEFT,47.08527132
183,HIGHSCHOOL,18,M,R,81.8,68.85185185,LEFT,67.18518519
184,HIGHSCHOOL,17.61259411,M,R,86.4,39.26315789,LEFT,39.54385965
185,HIGHSCHOOL,17.4017796,F,R,53.2,45.8974359,LEFT,48.61538462
186,HIGHSCHOOL,17.85626283,M,R,81.8,30.92592593,LEFT,40.05555556
187,HIGHSCHOOL,18.16563997,F,R,65.9,35.51724138,LEFT,38.49425287
188,HIGHSCHOOL,17.40451745,F,R,78.6,25.97302505,LEFT,26.28131021
189,HIGHSCHOOL,18.32443532,F,R,60.0,24.7979798,LEFT,26.16161616
190,HIGHSCHOOL,18.10540726,F,R,56.8,39.68,LEFT,43.28
191,HIGHSCHOOL,17.59069131,F,L,54.5,48.66666667,LEFT,47.97222222
192,HIGHSCHOOL,17.89459274,F,R,79.5,28.68571429,LEFT,29.9047619
193,HIGHSCHOOL,17.47843943,F,L,52.3,45.85507246,LEFT,42.84057971
194,HIGHSCHOOL,18.10814511,F,R,85.9,33.56261023,LEFT,32.05291005
195,HIGHSCHOOL,18.71321013,F,R,47.7,48.44444444,LEFT,49.3015873
196,HIGHSCHOOL,18.36824093,F,R,63.6,37.0952381,LEFT,37.95238095
197,HIGHSCHOOL,18.0698152,F,L,48.6,30.8411215,LEFT,28.19314642
198,HIGHSCHOOL,18.27241615,F,L,70.5,37.93548387,LEFT,35.01075269
199,ADULT,51.08281999,M,R,122.7,36.64197531,LEFT,37.07407407
200,HIGHSCHOOL,18.35455168,F,L,75.0,42.54545455,LEFT,40.16161616
201,ADULT,54.52156057,F,R,61.4,46.91358025,LEFT,46.2962963
202,HIGHSCHOOL,17.75496235,F,R,46.4,36.47058824,LEFT,40.65359477
203,HIGHSCHOOL,17.82340862,F,R,75.0,33.7979798,LEFT,35.2020202
204,HIGHSCHOOL,17.85352498,F,R,47.7,31.80952381,LEFT,37.3015873
205,HIGHSCHOOL,17.72210815,F,L,51.8,40.87719298,LEFT,43.59649123
206,HIGHSCHOOL,18.23956194,F,R,43.6,49.65277778,LEFT,47.72569444
207,HIGHSCHOOL,18.53251198,M,R,77.3,10.07843137,LEFT,10.74509804
208,HIGHSCHOOL,17.53867214,M,R,68.5,37.58300133,LEFT,40.74811864
209,ADULT,33.53319644,F,R,78.2,38.13953488,LEFT,38.31395349
210,ADULT,19.09924709,F,R,72.7,27.33541667,LEFT,28.62604167
211,ADULT,18.90212183,F,R,54.5,56.27777778,LEFT,57.84722222
212,ADULT,20.59411362,F,R,65.0,36.41025641,LEFT,38.15850816
213,ADULT,23.28542094,M,R,109.1,46.91666667,LEFT,47.95833333
214,ADULT,18.46406571,M,R,79.5,58.53333333,LEFT,59.47619048
215,ADULT,18.65845311,F,R,56.8,19.2,LEFT,24.77333333
216,ADULT,20.85147159,F,R,56.4,29.62365591,LEFT,32.31182796
217,ADULT,20.84052019,M,R,69.1,48.90350877,LEFT,47.87280702
218,ADULT,18.88021903,M,L,82.8,36.62641786,LEFT,38.41931943
219,ADULT,17.62080767,M,R,72.7,57.125,LEFT,57.875
220,ADULT,20.21629021,M,R,84.1,41.22522523,LEFT,43.42342342
221,ADULT,66.13278576,F,R,70.5,20.98924731,LEFT,24.88172043
222,ADULT,19.25530459,F,R,79.5,33.37142857,LEFT,37.06666667
223,ADULT,18.73511294,F,R,65.9,39.26436782,LEFT,41.35632184
224,ADULT,18.954141,F,R,52.3,40.28985507,LEFT,44.7826087
225,ADULT,18.62833676,F,R,56.8,46.29333333,LEFT,47.62666667
226,ADULT,45.9028063,M,R,85.5,59.53900709,LEFT,61.5070922
227,ADULT,45.86447639,M,R,70.0,55.67099567,LEFT,58.3982684
228,HIGHSCHOOL,15.29637235,M,R,50.0,60.12121212,LEFT,62.84848485
229,ADULT,33.68377823,M,R,81.8,55.14814815,LEFT,57.72222222
230,ELEMENTARY,10.56536619,M,L,34.1,49.6,LEFT,44.53333333
231,ELEMENTARY,7.44421629,M,R,20.5,28.74074074,LEFT,32.37037037
232,MIDDLE,13.97672827,M,R,89.1,44.96598639,LEFT,44.04761905
233,ADULT,43.08555784,M,R,70.5,50.06451613,LEFT,56.58064516
234,ADULT,41.45379877,F,R,49.1,42.34567901,LEFT,46.2654321
235,ELEMENTARY,9.508555784,M,R,22.3,49.52380952,LEFT,50.6122449
236,ADULT,68.41067762,M,L,103.6,23.62573099,LEFT,23.08479532
237,HIGHSCHOOL,16.86516085,M,R,79.5,39.5047619,LEFT,40.83809524
238,ADULT,67.92607803,M,R,81.4,63.61266294,LEFT,65.25139665
239,ADULT,79.92607803,M,L,72.7,33.58333333,LEFT,33.60416667
240,ADULT,54.40657084,M,R,62.7,57.63285024,LEFT,65.24516908
241,ADULT,22.41752225,F,R,58.2,45.15625,LEFT,47.03125
242,ADULT,33.01848049,F,R,77.3,33.1372549,LEFT,33.64705882
243,ADULT,53.11430527,M,R,87.3,61.61458333,LEFT,62.56944444
244,ELEMENTARY,7.997262149,M,R,27.3,35,LEFT,35.38888889
245,ELEMENTARY,6.29705681,M,R,31.4,17.48792271,LEFT,20.62801932
246,ADULT,16.09034908,M,R,78.2,50.58139535,LEFT,48.89534884
247,ADULT,37.97125257,M,R,159.1,38.85714286,LEFT,36.78095238
248,ADULT,70.91854894,F,R,54.5,40.16666667,LEFT,44.63888889
249,ADULT,27.44420488,M,R,81.54545455,66.48086213,LEFT,67.00111482
250,ADULT,25.2518874,M,R,86.09090909,54.62865188,LEFT,55.75501584
251,ADULT,25,F,R,58.27272727,60.5824233,LEFT,59.82839314
252,ADULT,26,F,L,63.36363636,48.27833573,LEFT,46.75992348
253,ADULT,25,F,R,75,43.75757576,LEFT,45.39393939
254,ADULT,26.90417325,M,L,67.63636364,71.0125448,LEFT,70.8109319
255,ADULT,24.91238698,M,R,80.81818182,50.61867266,LEFT,56.52418448
256,ADULT,23,M,R,75.36363636,98.27100925,LEFT,97.28588662
257,ADULT,25,F,R,66.36363636,39.8630137,LEFT,43.28767124
258,ADULT,23,F,R,73.63636364,39.21810699,LEFT,43.66255144
259,ADULT,24,F,R,55.63636364,42.04793028,LEFT,44.03594771
260,ADULT,24,F,R,61.90909091,39.15810083,LEFT,41.55653451
261,ADULT,24,M,R,72.72727273,52.29166666,LEFT,57.29166666
262,ADULT,25,M,R,83.63636364,55.39855072,LEFT,57.82608695
263,ADULT,24.50170092,M,R,84,51.15440115,LEFT,55.501443
264,ADULT,24,M,L,72.72727273,69.5,LEFT,70.70833333
265,ADULT,24,F,R,66.36363636,46.80365297,LEFT,48.76712329
266,ADULT,28.90143535,M,R,62.27272727,70.51094891,LEFT,67.95620438
267,ADULT,29,M,R,82.36363636,45.732156,LEFT,49.20897719
268,MIDDLE,13,M,R,56.81818182,62.93333333,LEFT,67.14666666
269,MIDDLE,13,M,R,66.81818182,45.28344671,LEFT,44.85260771
270,HIGHSCHOOL,16,M,R,65,72.63403263,LEFT,74.39393939
271,MIDDLE,13,M,R,71.36363636,52.14437368,LEFT,57.15498939
272,MIDDLE,11,M,R,42.72727273,49.92907801,LEFT,50.95744681
273,MIDDLE,13,M,L,48.09090909,47.32199118,LEFT,48.23566478
274,MIDDLE,13,M,R,52.27272727,63.47826087,LEFT,67.79710145
275,MIDDLE,13,M,R,44.90909091,52.0242915,LEFT,51.85560054
276,HIGHSCHOOL,17,F,R,63.09090909,45.58117195,LEFT,44.64457253
277,HIGHSCHOOL,17,F,R,59.90909091,41.72989378,LEFT,40.71825999
278,HIGHSCHOOL,16,F,R,57.09090909,34.18259023,LEFT,37.47346072
279,HIGHSCHOOL,15,F,R,55.90909091,36.91056911,LEFT,42.24932249
280,MIDDLE,13,F,R,41.18181818,37.82192789,LEFT,43.67181751
281,ADULT,22.50717674,F,R,63.7,37.20089434,LEFT,38.27125256
282,ADULT,23.79465697,F,R,56,43.93939394,LEFT,41.72077922
283,ADULT,21.7837054,F,R,56.4,50.93488072,LEFT,52.68106598
284,ADULT,24.54824534,F,R,56.1,47.10203641,LEFT,48.29039054
285,ADULT,28.5783623,M,R,76.5,61.00217865,LEFT,60.90314914
286,ADULT,29.1095163,M,R,79.2,72.73492501,LEFT,74.82017141
287,ELEMENTARY,3.529089665,F,R,15.90909091,36.57142857,LEFT,33.23809524
288,ELEMENTARY,3.890485969,F,R,17.45454545,14.23611111,LEFT,14.453125
289,ELEMENTARY,4.991101985,F,R,22.72727273,22.8,LEFT,21.93333333
290,ELEMENTARY,5.160848734,F,L,24.4,28.10945274,LEFT,22.88557214
291,ELEMENTARY,5.489390828,M,L,19.5,29.45736434,LEFT,31.70542636
292,ELEMENTARY,5.511293634,M,R,20,32.72727273,LEFT,31.89393939
293,ELEMENTARY,6.236824093,F,R,24.1,24.52830189,LEFT,29.37106918
294,ELEMENTARY,6.313483915,M,R,21.8,30,LEFT,25.97222222
295,ELEMENTARY,6.926762491,M,R,22.7,55.06666667,LEFT,57.6
296,ELEMENTARY,6.959616701,M,R,45.2,76.92823608,LEFT,73.60831657
297,ELEMENTARY,7.159479808,M,R,22.18181818,51.09289617,LEFT,50.40983607
298,ELEMENTARY,7.216974675,F,R,28.63636364,28.46560847,LEFT,27.83068783
299,ELEMENTARY,7.227926078,F,R,20,36.66666667,LEFT,45.07575758
300,ELEMENTARY,7.227926078,M,R,23.18181818,39.80392157,LEFT,35.68627451
301,ELEMENTARY,7.277207392,M,L,32.7,28.51851852,LEFT,29.62962963
302,ELEMENTARY,7.422313484,M,R,18.18181818,53.16666667,LEFT,53.66666667
303,ELEMENTARY,7.501711157,M,R,24.4,33.95522388,LEFT,38.30845771
304,ELEMENTARY,7.718001369,M,R,23.63636364,51.53846154,LEFT,50.76923077
305,ELEMENTARY,7.865845311,M,L,27.9,41.80238871,LEFT,38.43648208
306,ELEMENTARY,7.947980835,M,R,21.90909091,39.28077455,LEFT,37.41355463
307,ELEMENTARY,7.958932238,F,R,24.5,49.13580247,LEFT,50.61728395
308,ELEMENTARY,7.978097194,M,R,22.7,41.73333333,LEFT,45.93333333
309,ELEMENTARY,8.262833676,F,R,45.45454545,33.6,LEFT,34.16666667
310,ELEMENTARY,8.262833676,M,L,28.5,37.36730361,LEFT,38.69426752
311,ELEMENTARY,8.306639288,M,R,28.2,52.58064516,LEFT,51.55913978
312,ELEMENTARY,8.41889117,F,R,32.2,34.74576271,LEFT,36.25235405
313,ELEMENTARY,8.484599589,M,R,38.72727273,39.35837246,LEFT,41.54929577
314,ELEMENTARY,8.558521561,M,R,27.3,43.11111111,LEFT,44
315,ELEMENTARY,8.843258042,M,L,54.54545455,28.61111111,LEFT,29.13888889
316,ELEMENTARY,8.87063655,M,R,32.18181818,32.20338983,LEFT,31.826742
317,ELEMENTARY,9.404517454,F,L,19.54545455,56.27906977,LEFT,51.31782946
318,ELEMENTARY,9.418206708,F,R,20,36.51515152,LEFT,35.90909091
319,ELEMENTARY,9.505817933,M,R,70.18181818,27.93609672,LEFT,28.30310881
320,ELEMENTARY,9.527720739,M,R,36.90909091,33.16912972,LEFT,35.67323481
321,ELEMENTARY,9.533196441,F,R,29.5,48.71794872,LEFT,51.17948718
322,ELEMENTARY,9.533196441,F,R,34.1,36.17777778,LEFT,42.66666667
323,ELEMENTARY,9.70568104,M,R,29.5,30.97435897,LEFT,35.53846154
324,ELEMENTARY,9.735797399,F,R,29.5,44.41025641,LEFT,43.07692308
325,ELEMENTARY,9.741273101,F,R,40.90909091,41.96296296,LEFT,39.90740741
326,ELEMENTARY,9.837097878,M,R,35.18181818,32.64427218,LEFT,33.72093023
327,ELEMENTARY,9.850787132,M,R,29.5,51.17948718,LEFT,51.28205128
328,ELEMENTARY,9.902806297,M,L,45.45454545,41,LEFT,40.33333333
329,ELEMENTARY,9.908281999,M,R,35.1,60.44905009,LEFT,66.27806563
330,ELEMENTARY,9.976728268,M,R,27.72727273,38.90710383,LEFT,44.80874317
331,ELEMENTARY,10.13004791,M,R,38.63636364,50.11764706,LEFT,53.21568627
332,ELEMENTARY,10.20396988,F,L,40.90909091,39.77777778,LEFT,42.77777778
333,ELEMENTARY,10.23956194,M,R,27.27272727,50.88888889,LEFT,51
334,ELEMENTARY,10.25598905,F,R,37.1,27.45098039,LEFT,29.33006536
335,ELEMENTARY,10.34907598,F,R,32.4,39.04494382,LEFT,40.21535581
336,ELEMENTARY,10.39835729,F,R,36.5,42.560266,LEFT,43.68246052
337,ELEMENTARY,10.45585216,F,R,32.36363636,44.05430712,LEFT,45.06086142
338,ELEMENTARY,10.47227926,F,R,32.5,45.716946,LEFT,76.58286778
339,ELEMENTARY,10.53798768,M,R,37.59090909,56.50947199,LEFT,52.41837969
340,ELEMENTARY,10.64750171,M,R,30.09090909,21.34944612,LEFT,22.0040282
341,ELEMENTARY,10.66666667,M,R,34.5,43.33333333,LEFT,44.03508772
342,ELEMENTARY,10.69130732,F,R,40.9,32.22222222,LEFT,32.18518519
343,MIDDLE,11.18412047,F,R,41.81818182,41.37681159,LEFT,43.1884058
344,MIDDLE,11.24982888,M,R,30.77272727,49.63072378,LEFT,52.1910389
345,MIDDLE,11.25530459,M,R,37.2,48.81825591,LEFT,46.61776691
346,MIDDLE,11.26351814,M,R,36.40909091,50.43695381,LEFT,48.7931752
347,MIDDLE,11.37577002,F,R,40.90909091,42.2962963,LEFT,39.77777778
349,MIDDLE,11.50718686,F,R,45.9,18.48184818,LEFT,20.72607261
350,MIDDLE,11.54551677,F,R,38.6,55.05882353,LEFT,58.82352941
351,MIDDLE,11.56468172,M,R,36.5,34.49709061,LEFT,39.52618454
352,MIDDLE,11.63312799,M,R,73.45454545,20.91584158,LEFT,21.69966997
353,MIDDLE,11.65229295,F,R,54.5,37.72222222,LEFT,40.25
354,MIDDLE,11.67419576,M,R,37.90909091,33.73301359,LEFT,33.41326938
355,MIDDLE,11.70157426,M,R,37.72727273,22.65060241,LEFT,24.6184739
356,MIDDLE,11.77275838,M,R,34.1,32.71111111,LEFT,34.17777778
357,MIDDLE,11.87132101,F,L,45.5,62.9407851,LEFT,61.27744511
358,MIDDLE,11.87953457,M,R,50,38.06060606,LEFT,40.09090909
359,MIDDLE,11.89596167,F,R,44.81818182,36.71399594,LEFT,36.95064233
360,MIDDLE,11.90965092,F,R,42.72727273,52.4822695,LEFT,50.63829787
361,MIDDLE,11.91512663,F,R,46.81818182,36.63430421,LEFT,40
362,MIDDLE,11.94524298,F,R,34.54545455,39.64912281,LEFT,42.80701754
363,MIDDLE,11.96714579,F,R,37.27272727,44.30894309,LEFT,46.54471545
364,MIDDLE,11.99178645,M,L,75.0,31.85858586,LEFT,30.03030303
365,MIDDLE,12.03011636,M,R,72.3,36.5408805,LEFT,40.22012579
366,MIDDLE,12.04654346,F,R,60.6,30.60765191,LEFT,32.65816454
367,MIDDLE,12.06297057,F,L,81.45454545,28.98065476,LEFT,30.48735119
368,MIDDLE,12.07392197,F,R,32.3,35.21126761,LEFT,37.69953052
369,MIDDLE,12.07939767,M,R,50.54545455,58.51318945,LEFT,56.23501199
370,MIDDLE,12.08761123,F,L,67.5,31.80798564,LEFT,31.80798564
371,MIDDLE,12.12867899,M,R,37.8,39.74358974,LEFT,43.30929487
372,MIDDLE,12.19986311,M,R,48.63636364,29.2834891,LEFT,31.40186916
373,MIDDLE,12.21355236,F,R,85,34.18894831,LEFT,33.74331551
374,MIDDLE,12.25188227,F,R,37.90909091,47.88169464,LEFT,46.12310152
375,MIDDLE,12.28473648,F,R,40.45454545,34.75655431,LEFT,37.11610487
376,MIDDLE,12.28747433,M,L,36.5,25.76891106,LEFT,27.14048213
377,MIDDLE,12.29295003,F,R,76.36363636,23.57142857,LEFT,24.68253968
378,MIDDLE,12.33675565,M,R,41.18181818,53.78955114,LEFT,54.19426049
379,MIDDLE,12.38056126,F,R,77.7,34.42495127,LEFT,34.42495127
380,MIDDLE,12.40520192,F,R,46.36363636,24.83660131,LEFT,23.03921569
381,MIDDLE,12.42710472,F,R,57,29.66507177,LEFT,34.95481127
382,MIDDLE,12.46269678,F,R,45.45454545,36.86666667,LEFT,38
383,MIDDLE,12.47091034,M,R,41.36363636,47.98534799,LEFT,53.003663
384,MIDDLE,12.47091034,F,L,50.0,44.72727273,LEFT,48.66666667
385,MIDDLE,12.49281314,M,R,72.72727273,42.29166667,LEFT,43.39583333
386,MIDDLE,12.49828884,F,R,63.63636364,35.47619048,LEFT,37.33333333
387,MIDDLE,12.53935661,M,R,46.4,29.01960784,LEFT,38.36601307
388,MIDDLE,12.55852156,F,R,48.45454545,41.71357098,LEFT,40.68167605
389,MIDDLE,12.59685147,M,R,74.5,37.39837398,LEFT,38.69918699
390,MIDDLE,12.65434634,M,R,77.72727273,27.05653021,LEFT,26.64717349
391,MIDDLE,12.6954141,M,L,54.5,32,LEFT,33.22222222
392,MIDDLE,12.73374401,F,R,35.45454545,46.41025641,LEFT,48.97435897
393,MIDDLE,12.74743326,F,R,37.18181818,53.62673187,LEFT,57.17196414
394,MIDDLE,12.75290897,F,R,62.5,30.0872093,LEFT,31.90406977
395,MIDDLE,12.91444216,F,R,35.90909091,38.31223629,LEFT,50.92827004
396,MIDDLE,12.92265572,F,R,50.2,35.08454106,LEFT,36.98671498
397,MIDDLE,12.93634497,F,L,57.72727273,45.87926509,LEFT,45.43307087
398,MIDDLE,12.96646133,M,R,61.36363636,35.80246914,LEFT,38.81481481
399,MIDDLE,13.04859685,M,R,52.7,15.86206897,LEFT,17.01149425
400,MIDDLE,13.10061602,M,R,50.45454545,64.02402402,LEFT,61.11111111
401,MIDDLE,13.15263518,M,R,47.5,44.44444444,LEFT,45.56194125
402,MIDDLE,13.26762491,M,L,39.2,37.89636504,LEFT,36.04021655
403,MIDDLE,13.37166324,M,R,61.4,56.69135802,LEFT,55.03703704
404,MIDDLE,13.38261465,M,L,45.5,66.46666667,LEFT,64.83333333
405,MIDDLE,13.62902122,M,R,53.90909091,58.0663294,LEFT,54.8341765
406,MIDDLE,13.64818617,M,R,54.5,35.5,LEFT,39.69444444
407,MIDDLE,13.67008898,M,R,74.5,30.6504065,LEFT,33.41463415
408,MIDDLE,13.70841889,F,R,56.27272727,32.95638126,LEFT,33.38718363
409,MIDDLE,13.71389459,F,R,41.8,61.95652174,LEFT,63.60507246
410,MIDDLE,13.7303217,M,R,43.2,56.63157895,LEFT,60.1754386
411,MIDDLE,13.84257358,F,R,45.45454545,56.4,LEFT,55.13333333
412,MIDDLE,13.93292266,F,R,45,51.78451178,LEFT,50.67340067
413,HIGHSCHOOL,14.01779603,M,L,38.45454545,45.31126872,LEFT,44.12923562
414,HIGHSCHOOL,14.09993155,M,R,79.54545455,52,LEFT,57.52380952
415,HIGHSCHOOL,14.15195072,M,R,59.5,62.34096692,LEFT,67.98982188
416,HIGHSCHOOL,14.15468857,M,R,36.4,50.25,LEFT,53.33333333
417,HIGHSCHOOL,14.16290212,M,R,62.72727273,63.09178744,LEFT,65.33816425
418,HIGHSCHOOL,14.2532512,M,R,52.3,57.79710145,LEFT,58.26086957
419,HIGHSCHOOL,14.31074606,M,R,53.63636364,57.06214689,LEFT,59.7740113
420,HIGHSCHOOL,14.35181383,F,R,46.6,48.66796621,LEFT,52.37166992
421,HIGHSCHOOL,14.41752225,F,L,51.8,31.4619883,LEFT,25.1754386
422,HIGHSCHOOL,14.48870637,M,R,50,57.75757576,LEFT,59.96969697
423,HIGHSCHOOL,14.51882272,M,R,40.9,48.33333333,LEFT,53.98148148
424,HIGHSCHOOL,14.80903491,M,R,59.09090909,57.53846154,LEFT,64.48717949
425,HIGHSCHOOL,14.95687885,M,R,60.18181818,33.43403827,LEFT,35.07049345
426,HIGHSCHOOL,14.9596167,M,R,47.7,54.98412698,LEFT,59.61904762
427,HIGHSCHOOL,15.00889802,F,R,56.4,13.38709677,LEFT,15.49731183
428,HIGHSCHOOL,15.07734428,F,R,60.72727273,37.2255489,LEFT,36.12774451
429,HIGHSCHOOL,15.20328542,F,R,67.27272727,35.99099099,LEFT,35.22522523
430,HIGHSCHOOL,15.34291581,M,R,83.63636364,48.17028986,LEFT,53.05253623
431,HIGHSCHOOL,15.35660507,M,R,93.18181818,49.07317073,LEFT,53.17073171
433,HIGHSCHOOL,15.45242984,F,R,59.09090909,42.71794872,LEFT,43.1025641
434,HIGHSCHOOL,15.60574949,M,L,102.3,35.14074074,LEFT,37.06666667
435,HIGHSCHOOL,15.72347707,M,L,60.5,49.77443609,LEFT,48.12030075
436,HIGHSCHOOL,15.74537988,F,R,53.18181818,43.93162393,LEFT,45.0997151
437,HIGHSCHOOL,15.75359343,F,L,100,11.87878788,LEFT,14.39393939
438,HIGHSCHOOL,15.76728268,M,R,77.27272727,39.92156863,LEFT,43
439,HIGHSCHOOL,15.78644764,M,R,55.5,44.42622951,LEFT,46.14754098
440,HIGHSCHOOL,15.79466119,M,R,87.27272727,47.77777778,LEFT,47.30902778
441,HIGHSCHOOL,15.82477755,M,R,61.4,44.74074074,LEFT,43.43209877
442,HIGHSCHOOL,15.86858316,F,R,59.54545455,43.4605598,LEFT,47.17557252
443,HIGHSCHOOL,16.15058179,F,R,44.5,46.32653061,LEFT,46.56462585
444,HIGHSCHOOL,16.1779603,M,R,50.45454545,64.92492492,LEFT,63.93393393
445,HIGHSCHOOL,16.38056126,M,R,61.36363636,88.81481481,LEFT,92.08641975
447,HIGHSCHOOL,16.56399726,M,R,81.8,72.51851852,LEFT,74.75925926
448,HIGHSCHOOL,16.78302533,M,R,72.72727273,57.20833333,LEFT,57.04166667
449,HIGHSCHOOL,16.79397673,F,R,47.7,44.57142857,LEFT,47.26984127
450,HIGHSCHOOL,17.02121834,M,R,55.5,58.25136612,LEFT,64.26229508
451,HIGHSCHOOL,17.15537303,M,R,53.63636364,56.77966102,LEFT,59.0960452
452,HIGHSCHOOL,17.46201232,F,R,63.6,34.23809524,LEFT,34.26190476
453,HIGHSCHOOL,17.76591376,M,R,57.3,18.41269841,LEFT,16.30952381
454,HIGHSCHOOL,17.83983573,F,R,100.0,25.72727273,LEFT,26.60606061
455,HIGHSCHOOL,18.40109514,F,R,72.7,29.875,LEFT,29.25
456,HIGHSCHOOL,18.4202601,M,R,59.1,69.64102564,LEFT,71.28205128
457,HIGHSCHOOL,18.4366872,M,R,86.4,45.26315789,LEFT,48.87719298
458,HIGHSCHOOL,18.52703628,F,R,50.0,43.51515152,LEFT,44.03030303
459,HIGHSCHOOL,18.75427789,M,R,55.5,61.53005464,LEFT,65.98360656
460,ADULT,19.01163587,F,R,76.4,36.19047619,LEFT,39.00793651
461,ADULT,19.10746064,F,R,90.8,20.89801369,LEFT,20.73109664
463,ADULT,19.2936345,F,R,72.72727273,49.375,LEFT,49.14583333
464,ADULT,19.38124572,M,R,72.72727273,76.91666667,LEFT,77.72916667
465,ADULT,19.41957563,F,R,20.0,37.42424242,LEFT,37.87878788
466,ADULT,20.31211499,M,R,63.6,50.66666667,LEFT,53.88095238
467,ADULT,20.89253936,M,R,115.9,35.84313725,LEFT,40.09150327
468,ADULT,21.10061602,M,R,113.6,36,LEFT,38.06666667
469,ADULT,21.29774127,F,R,100,27.27272727,LEFT,27.34848485
470,ADULT,21.30869268,M,R,45.45454545,56.33333333,LEFT,60.2
471,ADULT,21.37166324,M,R,111.3636364,40.95238095,LEFT,39.86394558
472,ADULT,21.97125257,M,R,85.90909091,55.13227513,LEFT,59.20634921
473,ADULT,21.97399042,F,R,61.36363636,39.25925926,LEFT,40.91358025
474,ADULT,22.48049281,M,R,72.7,51.20833333,LEFT,54.5
475,ADULT,22.49965777,M,R,68.2,58.71111111,LEFT,66.97777778
476,ADULT,23.64134155,M,L,75,54.58585859,LEFT,51.5959596
477,ADULT,24.99110198,F,R,77.3,30.43137255,LEFT,29.58823529
478,ADULT,25.5578371,F,R,59.1,44.35897436,LEFT,47.30769231
479,ADULT,25.72210815,M,R,67.3,60.94594595,LEFT,62.74774775
480,ADULT,25.99315537,F,R,93.2,35.77235772,LEFT,35.52845528
481,ADULT,26.0862423,M,R,127.2727273,23.78571429,LEFT,23.82142857
482,ADULT,26.26694045,M,L,77.3,48.35294118,LEFT,45.41176471
483,ADULT,27.11841205,M,R,59.1,56.56410256,LEFT,64.25641026
484,ADULT,28.88158795,M,L,75.0,67.7979798,LEFT,68.82828283
485,ADULT,29.11978097,M,R,77.3,61.64705882,LEFT,64.88235294
486,ADULT,29.42368241,M,R,65.9,54.57471264,LEFT,55.08045977
487,ADULT,29.78234086,M,R,113.6363636,31.2,LEFT,34.10666667
488,ADULT,30.22313484,F,R,61.36363636,26.27160494,LEFT,27.0617284
489,ADULT,30.52156057,M,R,127.3,36.45238095,LEFT,36.66666667
490,ADULT,30.55441478,M,R,81.81818182,35.92592593,LEFT,36.14814815
491,ADULT,30.72416153,F,R,79.5,18.28571429,LEFT,20.4952381
492,ADULT,30.82272416,M,R,109.0909091,47.83333333,LEFT,48.25
493,ADULT,30.82546201,M,R,159.1,32.13333333,LEFT,33.66666667
494,ADULT,31.08829569,F,R,56.81818182,49.33333333,LEFT,45.44
495,ADULT,31.31827515,M,R,81.81818182,51.44444444,LEFT,54.40740741
496,ADULT,31.38398357,M,R,72.72727273,53,LEFT,59.27083333
497,ADULT,31.72895277,F,R,73.54545455,32.6328801,LEFT,34.34281005
498,ADULT,31.75906913,F,R,70.45454545,44.7311828,LEFT,48.02150538
499,ADULT,31.85215606,M,R,91.81818182,66.40264026,LEFT,65.75907591
500,ADULT,32.0054757,F,R,54.5,49.05555556,LEFT,50.75
501,ADULT,32.26830938,F,R,52.3,38.84057971,LEFT,42.39130435
502,ADULT,32.79945243,M,R,86.36363636,32.66666667,LEFT,34.45614035
503,ADULT,33.0513347,M,R,100,48.90909091,LEFT,48.48484848
504,ADULT,33.13347023,M,L,77.3,57.88235294,LEFT,43.76470588
505,ADULT,33.31964408,M,L,106.8181818,33.78723404,LEFT,32.96453901
506,ADULT,33.50581793,F,R,58.5,37.26708075,LEFT,36.5942029
507,ADULT,34.13552361,M,R,137.3,36.93156733,LEFT,37.85871965
508,ADULT,34.85010267,F,R,51.36363636,60.8259587,LEFT,62.59587021
509,ADULT,34.86105407,F,R,60.12590909,44.35137376,LEFT,42.38580151
510,ADULT,35.05544148,M,R,67.7,54.72035794,LEFT,56.39821029
511,ADULT,35.34565366,F,R,102.2727273,31.31851852,LEFT,31.18518519
512,ADULT,35.58384668,F,R,145.4545455,30.5,LEFT,27.9375
513,ADULT,35.71526352,F,R,61.81818182,31.81372549,LEFT,34.87745098
514,ADULT,35.96714579,M,R,90.90909091,53.43333333,LEFT,55.7
515,ADULT,36.3613963,F,R,93.18181818,27.80487805,LEFT,26.95934959
516,ADULT,36.38056126,M,R,61.4,54.7654321,LEFT,57.33333333
517,ADULT,38.31622177,F,R,57.1,38.55741183,LEFT,43.72845399
518,ADULT,38.38466804,F,R,63.63636364,49.14285714,LEFT,56.07142857
519,ADULT,38.68856947,M,L,81.81818182,54.40740741,LEFT,55.74074074
520,ADULT,38.88021903,M,R,111.3636364,43.83673469,LEFT,44.53061224
521,ADULT,39.2936345,F,R,80.0,14.24242424,LEFT,14.18560606
522,ADULT,39.33744011,M,R,88.6,53.05982906,LEFT,56.18803419
523,ADULT,39.95893224,M,R,86.36363636,43.22807018,LEFT,50.36842105
524,ADULT,39.96714579,F,R,50,49.39393939,LEFT,51.54545455
525,ADULT,40.11498973,F,R,90.90909091,26.83333333,LEFT,27.19166667
526,ADULT,40.19164956,M,R,75.90909091,68.54291417,LEFT,69.86027944
527,ADULT,40.83504449,M,R,75.0,57.13131313,LEFT,60.78787879
528,ADULT,41.36344969,F,R,80.90909091,25.73033708,LEFT,26.64794007
529,ADULT,41.68925394,M,L,108.4090909,31.32075472,LEFT,30.93640811
530,ADULT,41.7412731,M,R,95.45454545,51.01587302,LEFT,51.55555556
531,ADULT,42.15742642,F,R,82.72727273,28.20512821,LEFT,30.16483516
532,ADULT,42.30253251,M,R,110.4545455,42.16735254,LEFT,47.11934156
533,ADULT,43.00342231,M,R,100,34.39393939,LEFT,34.33333333
534,ADULT,43.33196441,F,R,125,18.32727273,LEFT,18.16969697
535,ADULT,43.38398357,F,R,95.45454545,32.31746032,LEFT,32.28571429
536,ADULT,43.41957563,F,R,59.1,40.82051282,LEFT,44.38461538
537,ADULT,43.52361396,M,R,97.72727273,37.64341085,LEFT,38.31007752
538,ADULT,43.66324435,M,R,115.0,41.8972332,LEFT,42.13438735
539,ADULT,43.78644764,F,R,74.1,44.08997955,LEFT,44.98977505
540,ADULT,43.93429158,F,R,77.27272727,33.64705882,LEFT,32.05882353
541,ADULT,44.02190281,M,R,142.3,24.79233227,LEFT,29.45686901
542,ADULT,44.02190281,M,R,142.3,28.15761448,LEFT,29.94675186
543,ADULT,44.27104723,M,R,65.90909091,54.94252874,LEFT,60
544,ADULT,44.39425051,F,R,66.81818182,33.42403628,LEFT,35.89569161
545,ADULT,44.82683094,F,R,55.9,50.24390244,LEFT,43.87533875
546,ADULT,45.06502396,F,R,84.09090909,60.57657658,LEFT,62.16216216
547,ADULT,45.09240246,M,L,92.36363636,70.47244094,LEFT,74.75393701
548,ADULT,45.18001369,F,R,65.9,51.2183908,LEFT,52.71264368
549,ADULT,45.36071184,F,R,75,34.82828283,LEFT,32.76767677
550,ADULT,45.60711841,M,R,100,67.36363636,LEFT,70.48484848
551,ADULT,46.27241615,F,R,81.81818182,45,LEFT,45.48148148
552,ADULT,46.7926078,M,R,113.6363636,47.6,LEFT,49.8
553,ADULT,47.24709103,M,R,86.36363636,39.29824561,LEFT,40.70175439
554,ADULT,47.31279945,M,R,89.5,52.3857868,LEFT,53.38409475
555,ADULT,48.24366872,M,R,161.3636364,26.68544601,LEFT,28.68544601
556,ADULT,48.29568789,M,R,91.81818182,54.75247525,LEFT,56.12211221
557,ADULT,48.43258042,M,R,63.63636364,67.28571429,LEFT,69.97619048
558,ADULT,49.41820671,M,R,63.63636364,71.38095238,LEFT,71.19047619
559,ADULT,49.62902122,F,R,92.72727273,25.58823529,LEFT,26.51960784
560,ADULT,49.79876797,F,R,90.90909091,29.66666667,LEFT,29.33333333
561,ADULT,49.83162218,M,R,63.63636364,71.52380952,LEFT,71.71428571
562,ADULT,50.22313484,M,R,97.7,30.35658915,LEFT,30.17054264
563,ADULT,50.31348392,F,L,52.3,49.68115942,LEFT,51.15942029
564,ADULT,50.89117043,M,R,114.0909091,37.50332005,LEFT,42.39043825
565,ADULT,50.98699521,M,R,90.90909091,42,LEFT,42.01666667
566,ADULT,50.99794661,F,R,104.5,31.1884058,LEFT,31.11594203
567,ADULT,51.25256674,M,R,90.9,51.4,LEFT,51.83333333
568,ADULT,51.38672142,F,R,70.0,34.89177489,LEFT,39.1991342
569,ADULT,51.41957563,M,R,76.36363636,57.42063492,LEFT,59.62301587
570,ADULT,51.58658453,M,R,90,53.13131313,LEFT,54.8989899
571,ADULT,51.74811773,F,L,79.5,32.45714286,LEFT,34.45714286
572,ADULT,52.22724162,M,R,109.1,48.72222222,LEFT,47.77777778
573,ADULT,52.33675565,F,L,63.6,27.95238095,LEFT,29.16666667
574,ADULT,52.41889117,M,R,90.9,47.9,LEFT,51.2
575,ADULT,52.57768652,M,L,84.1,61.62162162,LEFT,65.81981982
576,ADULT,53.05407255,F,R,62.7,27.87439614,LEFT,26.25603865
577,ADULT,53.28952772,F,R,68.2,30.44444444,LEFT,32.57777778
578,ADULT,53.41820671,M,R,90.90909091,54.36666667,LEFT,55.65
579,ADULT,53.43463381,M,L,97.7,54.3255814,LEFT,52.48062016
580,ADULT,53.80698152,F,R,72.72727273,32.79166667,LEFT,32.47916667
581,ADULT,54.04791239,F,R,86.36363636,25.47368421,LEFT,27.07017544
582,ADULT,54.0698152,F,R,64.54545455,39.342723,LEFT,42.32394366
583,ADULT,54.11909651,M,R,84.54545455,48.2437276,LEFT,48.17204301
584,ADULT,54.41752225,M,R,86.8,63.52530541,LEFT,64.67713787
585,ADULT,54.48596851,F,R,55.9,42.87262873,LEFT,46.74796748
586,ADULT,54.64202601,F,R,91.81818182,20.52805281,LEFT,20.01650165
587,ADULT,54.72416153,M,R,65.9,70.75862069,LEFT,72.85057471
588,ADULT,54.91033539,F,R,77.3,23.21568627,LEFT,24.07843137
589,ADULT,55.02532512,F,R,68.18181818,31.24444444,LEFT,31.31111111
590,ADULT,55.67419576,F,R,90.9,33.3,LEFT,34.96666667
591,ADULT,56.30390144,M,R,112.2727273,39.29824561,LEFT,41.30904184
592,ADULT,56.5065024,F,R,72.7,40.8125,LEFT,41.80208333
593,ADULT,56.90896646,M,R,83.6,43.58695652,LEFT,42.69927536
594,ADULT,57.41820671,M,L,77.27272727,53.29411765,LEFT,53.45098039
595,ADULT,57.63449692,M,R,87.27272727,51.14583333,LEFT,48.4375
596,ADULT,58.56536619,M,R,72.72727273,31.25,LEFT,32.0625
597,ADULT,58.72963723,F,R,79.5,22.32380952,LEFT,24.34285714
598,ADULT,58.75427789,F,R,68.18181818,24.8,LEFT,23.57777778
599,ADULT,59.07460643,M,R,75.0,55.67676768,LEFT,60.22222222
600,ADULT,59.8220397,M,R,104.5454545,49.53623188,LEFT,51.52173913
601,ADULT,60.05201916,F,R,59.09090909,39.58974359,LEFT,42.87179487
602,ADULT,60.09034908,F,R,65.9,38.98850575,LEFT,41.44827586
603,ADULT,60.10130048,F,R,84.1,24.9009009,LEFT,25.54954955
604,ADULT,60.183436,F,R,65.9,37.70114943,LEFT,41.97701149
605,ADULT,60.33675565,M,R,91.81818182,44.25742574,LEFT,46.60066007
606,ADULT,61.41820671,M,R,104.5454545,39.13043478,LEFT,40.68115942
607,ADULT,62.42847365,M,R,77.27272727,63.41176471,LEFT,64.23529412
608,ADULT,62.49144422,M,R,102.2727273,51.37777778,LEFT,48.47407407
609,ADULT,62.56536619,M,R,80.9,62.88389513,LEFT,65.11235955
610,ADULT,62.82546201,F,R,67.27272727,22.83783784,LEFT,25.18018018
611,ADULT,63.41957563,M,R,86.36363636,26.38596491,LEFT,28.80701754
612,ADULT,64.65160849,F,R,60.63636364,51.12443778,LEFT,53.87306347
613,ADULT,66.32991102,F,R,91.36363636,11.47595357,LEFT,52.08955224
614,ADULT,66.6036961,F,R,65.45454545,29.35185185,LEFT,27.26851852
615,ADULT,68.21081451,F,R,85.0,15.36541889,LEFT,13.56506239
616,ADULT,68.98288843,M,R,75.0,41.01010101,LEFT,41.97979798
617,ADULT,68.99110198,F,R,57.72727273,37.48031496,LEFT,41.18110236
618,ADULT,69.89185489,F,R,70,30.64935065,LEFT,33.26839827
619,ADULT,71.8275154,F,R,90.54545455,24.02945114,LEFT,25.16733601
620,ADULT,72.18617385,F,R,56.8,46.45333333,LEFT,46.8
621,ADULT,72.54757016,M,R,79.5,53.9047619,LEFT,53.5047619
622,ADULT,72.96919918,M,R,94.5,40.86538462,LEFT,42.74038462
623,ADULT,73.84531143,M,R,76.36363636,39.72222222,LEFT,39.6031746
624,ADULT,78.39561944,F,L,57.27272727,42.6984127,LEFT,46.55952381
625,ADULT,85.24024641,M,L,75,40.96969697,LEFT,42.33333333
626,HIGHSCHOOL,16.48459959,F,R,63.6,45.9047619,LEFT,49.57142857
627,HIGHSCHOOL,15.73442847,M,R,45.5,59.66666667,LEFT,62.36666667
628,HIGHSCHOOL,16.78028747,F,R,56.8,44.96,LEFT,48.8
629,HIGHSCHOOL,16.73921971,F,R,57.7,29.8687664,LEFT,31.60104987
630,HIGHSCHOOL,17.40451745,F,R,50.0,64.42424242,LEFT,66.06060606
631,HIGHSCHOOL,16.10403833,F,R,59.1,50.61538462,LEFT,52.30769231
632,HIGHSCHOOL,16.21081451,F,R,84.1,26.01801802,LEFT,30.36036036
633,HIGHSCHOOL,15.05817933,F,R,54.5,43.72222222,LEFT,46.27777778
634,HIGHSCHOOL,15.08829569,M,R,63.2,46.61870504,LEFT,45.97122302
635,HIGHSCHOOL,14.87474333,F,R,61.4,35.90123457,LEFT,35.25925926
636,HIGHSCHOOL,16.92539357,F,R,52.7,29.25287356,LEFT,29.71264368
637,HIGHSCHOOL,17.34428474,F,R,70.9,30.55555556,LEFT,35.70512821
638,HIGHSCHOOL,18.29979466,F,R,43.2,64.07017544,LEFT,65.71929825
639,HIGHSCHOOL,15.81382615,M,R,87.7,54.95682211,LEFT,58.66148532
640,HIGHSCHOOL,15.07186858,M,R,59.1,56.05128205,LEFT,58.46153846
641,HIGHSCHOOL,17.24024641,F,R,78.2,37.59689922,LEFT,38.6627907
642,HIGHSCHOOL,17.36892539,F,R,65.9,39.90804598,LEFT,41.54022989
643,HIGHSCHOOL,15.32922656,M,R,79.8,27.94229309,LEFT,30.41002278
644,HIGHSCHOOL,16.47091034,F,R,52.3,45.85507246,LEFT,47.01449275
645,HIGHSCHOOL,17.7357974,F,R,76.1,28.63401035,LEFT,30.04778973
646,HIGHSCHOOL,15.70704997,F,R,60.0,47.27272727,LEFT,46.86868687
647,HIGHSCHOOL,18.35728953,F,R,56.2,40.34519957,LEFT,41.47788565
648,HIGHSCHOOL,16.29295003,F,R,59.1,39.07692308,LEFT,39.92307692
649,HIGHSCHOOL,17.29774127,F,R,50.1,51.49592022,LEFT,56.39165911
650,HIGHSCHOOL,15.46885695,F,R,81.8,27.55555556,LEFT,27.33333333
651,HIGHSCHOOL,16.31485284,F,R,61.4,38.96296296,LEFT,42.32098765
652,HIGHSCHOOL,16.41615332,F,L,81.8,20.03703704,LEFT,19.07407407
653,HIGHSCHOOL,15.26899384,F,R,109.1,28.16666667,LEFT,29.84722222
654,HIGHSCHOOL,18.01232033,F,R,59.5,47.07379135,LEFT,51.27226463
655,HIGHSCHOOL,15.77002053,F,R,61.4,41.82716049,LEFT,45.33333333
656,HIGHSCHOOL,16.49281314,M,R,62.3,32.45742092,LEFT,28.51581509
659,HIGHSCHOOL,16.29842574,F,R,59.1,52,LEFT,52
660,HIGHSCHOOL,16.33675565,F,L,64.5,39.85915493,LEFT,39.62441315
661,HIGHSCHOOL,15.84394251,F,L,86.2,27.91842475,LEFT,25.19338959
662,HIGHSCHOOL,16.54757016,F,R,65.9,41.83908046,LEFT,42.98850575
663,HIGHSCHOOL,16.67077344,F,R,60.9,37.01492537,LEFT,34.4278607
664,HIGHSCHOOL,17.02395619,M,R,81.8,53.7037037,LEFT,59.55555556
665,HIGHSCHOOL,23.75085558,M,R,68.2,64.53333333,LEFT,65.02222222
666,HIGHSCHOOL,16.42984257,F,R,59.1,50.82051282,LEFT,53.8974359
667,HIGHSCHOOL,16.65160849,M,R,72.7,60.66666667,LEFT,64.91666667
668,HIGHSCHOOL,17.33607118,M,R,70.5,56.90322581,LEFT,58.27956989
669,HIGHSCHOOL,16.84873374,F,R,45.5,53.73333333,LEFT,56.93333333
670,HIGHSCHOOL,16.75564682,F,R,49.7,42.35222425,LEFT,44.48507008
671,HIGHSCHOOL,18.81724846,F,R,57.7,36.58792651,LEFT,36.48293963
672,HIGHSCHOOL,16.27926078,M,R,71.7,58.85086608,LEFT,60.43514998
673,HIGHSCHOOL,15.01984942,F,R,65.9,27.86206897,LEFT,32.11494253
674,HIGHSCHOOL,15.76728268,F,R,57.7,38.53018373,LEFT,42.12598425
675,HIGHSCHOOL,16.83778234,F,R,64.7,42.36891386,LEFT,41.61985019
676,HIGHSCHOOL,15.59753593,M,R,56.8,58.66666667,LEFT,65.33333333
677,HIGHSCHOOL,15.6495551,F,R,68.7,31.61375661,LEFT,33.64197531
678,HIGHSCHOOL,16.92539357,F,R,55.0,50.79889807,LEFT,53.00275482
679,HIGHSCHOOL,15.69336071,F,R,88.6,27.96581197,LEFT,30.27350427
680,HIGHSCHOOL,16.89253936,F,R,91.6,21.19708995,LEFT,22.99933862
681,HIGHSCHOOL,15.78644764,F,R,48.6,40.74766355,LEFT,41.61993769
682,HIGHSCHOOL,17.64818617,F,R,56.7,33.44017094,LEFT,39.28952991
683,HIGHSCHOOL,15.93429158,M,R,77.3,78.50980392,LEFT,77.35294118
684,HIGHSCHOOL,16.5065024,M,R,81.4,74.41340782,LEFT,75.75418994
685,HIGHSCHOOL,16.47364819,F,R,70.5,30.40860215,LEFT,30.25806452
686,HIGHSCHOOL,16.30116359,F,R,48.2,47.73584906,LEFT,52.79874214
687,HIGHSCHOOL,14.71047228,F,R,54.5,42.66666667,LEFT,42.38888889
688,HIGHSCHOOL,16.06844627,F,R,53.6,50.4519774,LEFT,53.89830508
689,HIGHSCHOOL,15.74537988,F,R,57.3,28.46560847,LEFT,29.36507937
690,HIGHSCHOOL,16.46543463,F,R,40.1,64.45150072,LEFT,66.36047479
691,HIGHSCHOOL,17.44010951,F,R,43.2,45.33333333,LEFT,46.9122807
692,HIGHSCHOOL,16.65434634,F,R,59.1,35.64102564,LEFT,37.94871795
693,HIGHSCHOOL,15.84941821,M,R,55.9,59.78319783,LEFT,55.93495935
694,HIGHSCHOOL,15.41409993,M,R,56.8,48.85333333,LEFT,51.97333333
695,HIGHSCHOOL,16.26283368,F,R,65.9,47.54022989,LEFT,55.05747126
696,HIGHSCHOOL,16.36413415,M,R,60.2,34.44108761,LEFT,34.89425982
697,HIGHSCHOOL,15.91512663,M,R,75.6,48.51762821,LEFT,47.35576923
698,HIGHSCHOOL,14.40930869,F,R,60.0,26.66666667,LEFT,32.12121212
699,HIGHSCHOOL,16.46269678,F,R,60.0,28.68686869,LEFT,31.74242424
700,HIGHSCHOOL,17.7522245,M,R,84.1,45.94594595,LEFT,46.88288288
701,HIGHSCHOOL,15.41409993,F,R,54.5,43.83333333,LEFT,45.05555556
702,HIGHSCHOOL,14.82546201,F,R,65.0,45.59440559,LEFT,46.13053613
703,HIGHSCHOOL,16.8733744,F,R,61.4,39.75308642,LEFT,27.13580247
1,HIGHSCHOOL,16.862423,F,R,57.7,41.39107612,LEFT,44.42257218
2,MIDDLE,11,F,R,55.0,34.60606061,RIGHT,26.54545455
3,MIDDLE,12,M,R,48.5,28.13633521,RIGHT,26.51969981
4,MIDDLE,12,M,R,45.5,53.46,RIGHT,54.67
5,MIDDLE,12,M,R,56.4,26.3172043,RIGHT,25.69623656
6,MIDDLE,12,M,R,45.3,46.8739552,RIGHT,40.73888332
7,MIDDLE,12,M,R,72.6,39.25740509,RIGHT,36.02419691
8,MIDDLE,13,M,R,43.9,64.21670117,RIGHT,61.26639061
9,MIDDLE,12,M,R,78.6,35.56454721,RIGHT,32.60578035
10,MIDDLE,12,M,R,55.5,53.36065574,RIGHT,47.88251366
11,MIDDLE,12,M,R,50.0,48.26666667,RIGHT,45.64
12,MIDDLE,12,M,R,79.5,36.03809524,RIGHT,33.84228571
13,MIDDLE,12,M,R,77.3,42.92156863,RIGHT,39.21176471
14,MIDDLE,12,M,R,47.9,39.59519292,RIGHT,35.67362429
15,MIDDLE,12,F,R,43.1,34.52883263,RIGHT,32.60196906
16,MIDDLE,12,M,R,36.6,52.22497932,RIGHT,45.96526055
17,MIDDLE,12,M,R,59.5,51.01936799,RIGHT,46.9266055
18,MIDDLE,12,M,R,72.7,22.83333333,RIGHT,23.0625
19,ADULT,28,F,R,63.1,44.59173871,RIGHT,42.6685879
20,ADULT,26,M,R,77.1,39.56367925,RIGHT,39.8490566
21,MIDDLE,13,F,R,50.1,29.58257713,RIGHT,30.91349062
22,MIDDLE,12,F,R,59.1,40.51282051,RIGHT,37.94871795
23,ELEMENTARY,9,F,R,39.5,25.67049808,RIGHT,26.74329502
24,MIDDLE,11,F,R,38.7,37.63693271,RIGHT,36.69796557
25,ELEMENTARY,9,F,R,35.5,51.11111111,RIGHT,42.94871795
26,MIDDLE,12,F,R,40.3,52.33258089,RIGHT,53.02859293
27,ELEMENTARY,8,F,R,29.3,30.84886128,RIGHT,31.28881988
28,MIDDLE,12,F,R,56.3,62.25094238,RIGHT,48.68066774
29,MIDDLE,12,F,R,56.2,39.746699,RIGHT,38.27809216
30,ELEMENTARY,11,F,R,55.2,28.11641955,RIGHT,26.22185612
31,MIDDLE,12,F,R,37.4,42.74128143,RIGHT,39.6999189
32,ELEMENTARY,9,F,R,28.3,39.44265809,RIGHT,41.80064309
33,ADULT,18,F,R,56.8,48.53333333,RIGHT,44.08
34,ELEMENTARY,8,F,R,54.6,20.48293089,RIGHT,19.84457397
35,ELEMENTARY,9,F,R,37.4,40.3892944,RIGHT,32.31954582
36,ELEMENTARY,8,M,R,24.4,39.55223881,RIGHT,39.17910448
37,ELEMENTARY,8,F,R,33.6,43.91891892,RIGHT,43.35585586
38,ELEMENTARY,9,M,R,26.3,28.89273356,RIGHT,22.89504037
39,ELEMENTARY,9,M,R,34.5,20.1754386,RIGHT,19.60526316
40,ELEMENTARY,9,M,R,56.2,12.86407767,RIGHT,12.29773463
41,ELEMENTARY,9,M,R,95.5,27.34920635,RIGHT,24.17460317
42,ELEMENTARY,9,M,R,33.6,52.52252252,RIGHT,51.44144144
43,ELEMENTARY,9,M,R,23.9,42.96577947,RIGHT,36.05830165
44,ELEMENTARY,8,M,R,41.0,37.84183296,RIGHT,37.21359941
45,ELEMENTARY,9,F,R,31.8,41.71428571,RIGHT,39.14285714
46,ELEMENTARY,8,M,R,32.3,50.91549296,RIGHT,48.50704225
47,ELEMENTARY,9,M,R,41.8,29.49275362,RIGHT,27.57246377
48,ELEMENTARY,9,F,R,53.7,28.70840384,RIGHT,26.50874224
49,ELEMENTARY,9,F,R,25.9,37.54385965,RIGHT,37.89473684
50,ELEMENTARY,9,F,R,23.4,40.98573281,RIGHT,37.93774319
51,ELEMENTARY,8,M,R,24.0,63.76262626,RIGHT,57.95454545
52,ELEMENTARY,8,M,R,31.5,34.26993276,RIGHT,37.06772334
53,ELEMENTARY,7,M,R,23.9,31.05196451,RIGHT,29.15082383
54,ELEMENTARY,8,M,R,29.2,44.65212876,RIGHT,31.51609553
55,ELEMENTARY,7,M,R,26.6,48.57792947,RIGHT,42.5483504
56,ELEMENTARY,7,F,R,40.1,35.60090703,RIGHT,27.13529856
57,ELEMENTARY,7,M,R,33.5,35.32068654,RIGHT,35.41102078
58,ELEMENTARY,7,F,R,33.7,24.61814915,RIGHT,24.03414196
59,ELEMENTARY,7,F,R,20.8,48.0349345,RIGHT,46.65211063
60,ELEMENTARY,6,F,L,24.8,25.64713065,RIGHT,28.94078144
61,ELEMENTARY,7,F,R,22.3,38.57142857,RIGHT,36.97278912
62,ELEMENTARY,7,F,R,36.4,32.41666667,RIGHT,35.20833333
63,HIGHSCHOOL,17,F,R,77.3,48.98039216,RIGHT,47.1372549
64,HIGHSCHOOL,17,F,R,52.5,33.50634371,RIGHT,37.5432526
65,HIGHSCHOOL,17,F,R,67.7,48.72483221,RIGHT,46.24161074
66,HIGHSCHOOL,17,F,R,75.0,33.8989899,RIGHT,31.96969697
67,HIGHSCHOOL,17,F,R,60.0,38.23232323,RIGHT,32.3989899
68,HIGHSCHOOL,17,F,R,79.5,19.92380952,RIGHT,22.51428571
69,HIGHSCHOOL,17,F,R,48.4,35.61815336,RIGHT,36.5571205
70,HIGHSCHOOL,17,F,R,48.9,33.58116481,RIGHT,31.25774473
71,HIGHSCHOOL,17,F,R,68.2,45.06666667,RIGHT,42.42222222
72,HIGHSCHOOL,17,F,R,70.5,43.95698925,RIGHT,35.50537634
73,HIGHSCHOOL,16,F,R,44.5,51.63265306,RIGHT,43.0952381
74,HIGHSCHOOL,16,F,R,71.4,46.11464968,RIGHT,42.18683652
75,HIGHSCHOOL,16,F,R,61.4,32.88888889,RIGHT,28.07407407
76,HIGHSCHOOL,16,F,R,51.3,47.16312057,RIGHT,44.23758865
77,HIGHSCHOOL,16,F,R,48.2,52.83018868,RIGHT,46.85534591
78,HIGHSCHOOL,16,F,R,75.0,29.6969697,RIGHT,28.98989899
79,HIGHSCHOOL,16,F,R,50.0,45.93939394,RIGHT,39.27272727
80,HIGHSCHOOL,16,F,R,42.1,31.10151188,RIGHT,28.40172786
81,HIGHSCHOOL,16,F,R,52.7,48.73563218,RIGHT,49.97126437
82,HIGHSCHOOL,16,F,R,63.6,23.66666667,RIGHT,20.54761905
83,HIGHSCHOOL,16,F,R,47.2,49.90366089,RIGHT,45.02247913
84,HIGHSCHOOL,16,F,R,63.6,43.04761905,RIGHT,37.21428571
85,HIGHSCHOOL,16,M,R,62.7,48.79227053,RIGHT,44.92753623
86,HIGHSCHOOL,16,F,L,50.0,41.21212121,RIGHT,39.09090909
87,HIGHSCHOOL,16,F,L,63.6,22.28571429,RIGHT,27.97619048
88,ELEMENTARY,10,M,R,31.4,32.90870488,RIGHT,30.68905617
89,ELEMENTARY,9,M,R,34.4,35.50035236,RIGHT,37.43833686
90,ELEMENTARY,8,F,R,30.5,45.20615996,RIGHT,39.89071038
91,ELEMENTARY,11,M,R,38.6,41.8433035,RIGHT,37.32925106
92,MIDDLE,12,M,R,44.1,48.37490552,RIGHT,46.96626125
93,ELEMENTARY,9,M,R,31.8,51.93443873,RIGHT,47.93215171
94,HIGHSCHOOL,19.55373032,M,R,76.8,44.85207101,RIGHT,44.33925049
95,HIGHSCHOOL,18.4312115,F,R,65.5,47.17592593,RIGHT,44.49074074
96,HIGHSCHOOL,19.9835729,M,R,53.6,63.78531073,RIGHT,64.26553672
97,HIGHSCHOOL,15.85489391,F,R,39.4,57.1978445,RIGHT,51.19322556
98,HIGHSCHOOL,19.44147844,M,R,61.5,53.42195963,RIGHT,50.36927622
99,HIGHSCHOOL,17.76043806,F,R,80.5,40.48964218,RIGHT,37.15630885
100,HIGHSCHOOL,16.54483231,M,R,73.6,64.91769547,RIGHT,58.38477366
101,HIGHSCHOOL,16.25462012,F,R,52.3,31.76811594,RIGHT,31.27536232
102,HIGHSCHOOL,16.39698836,F,R,46.8,34.36893204,RIGHT,34.17475728
103,HIGHSCHOOL,15.41957563,F,L,57.3,43.33333333,RIGHT,43.67724868
104,HIGHSCHOOL,15.6659822,F,R,59.5,43.20610687,RIGHT,43.4605598
105,HIGHSCHOOL,15.57563313,F,R,61.4,39.0617284,RIGHT,35.65432099
106,HIGHSCHOOL,18.25598905,F,R,57.5,41.44286467,RIGHT,38.88888889
107,HIGHSCHOOL,15.50992471,F,L,71.8,40.21097046,RIGHT,37.17299578
108,HIGHSCHOOL,15.50992471,M,R,83.2,67.54098361,RIGHT,63.49726776
109,HIGHSCHOOL,18.80629706,F,R,57.2,39.37466879,RIGHT,37.5463699
110,HIGHSCHOOL,19.08008214,F,R,76.3,33.01549464,RIGHT,30.69129917
111,HIGHSCHOOL,16.31759069,M,R,73.2,46.83229814,RIGHT,44.67908903
112,HIGHSCHOOL,15.26899384,F,R,76.1,19.2353644,RIGHT,20.17124652
113,HIGHSCHOOL,15.09650924,F,R,81.8,23.22222222,RIGHT,24.81481481
114,HIGHSCHOOL,14.94592745,F,R,59.1,42.82051282,RIGHT,41.94871795
115,HIGHSCHOOL,16.10130048,M,R,97.8,45.91078067,RIGHT,43.30855019
116,HIGHSCHOOL,17.85900068,M,R,67.3,54.00900901,RIGHT,53.87387387
117,HIGHSCHOOL,17.87816564,F,R,59.1,52.35897436,RIGHT,50.84615385
118,HIGHSCHOOL,18.05065024,F,R,61.4,32.24691358,RIGHT,32.39506173
119,HIGHSCHOOL,15.92060233,M,R,79.5,30.68571429,RIGHT,32.85714286
120,HIGHSCHOOL,14.65023956,F,R,63.6,24.28571429,RIGHT,19.28571429
121,HIGHSCHOOL,14.80355921,F,R,76.8,32.14990138,RIGHT,30.53254438
122,HIGHSCHOOL,15.96167009,F,R,65.9,23.5862069,RIGHT,22.55172414
123,HIGHSCHOOL,18.01232033,M,R,128.1,18.38183109,RIGHT,14.36006624
124,HIGHSCHOOL,15.04449008,F,R,48.6,35.51401869,RIGHT,33.64485981
125,HIGHSCHOOL,14.91854894,F,R,55.5,40.95628415,RIGHT,36.51639344
126,HIGHSCHOOL,14.7761807,F,R,65.9,29.12643678,RIGHT,24.28735632
127,HIGHSCHOOL,14.10540726,F,R,68.8,30.64729194,RIGHT,25.95772787
128,HIGHSCHOOL,13.34428474,F,R,50.5,13.75375375,RIGHT,16.72672673
129,HIGHSCHOOL,14.72689938,F,R,66.8,23.26530612,RIGHT,21.42857143
130,HIGHSCHOOL,17.16358658,M,R,59.1,58.97435897,RIGHT,57.43589744
131,HIGHSCHOOL,16.50102669,M,R,62.7,52.07729469,RIGHT,53.04347826
132,HIGHSCHOOL,14.83641342,F,R,88.4,24.51989026,RIGHT,22.8909465
133,HIGHSCHOOL,14.52156057,F,R,86.4,22.31578947,RIGHT,19.0877193
134,HIGHSCHOOL,14.57357974,F,R,95.5,21.07936508,RIGHT,20.53968254
135,HIGHSCHOOL,15.00342231,F,R,75.0,44.70707071,RIGHT,40.55555556
136,HIGHSCHOOL,14.9650924,M,R,104.5,38.98550725,RIGHT,37.44927536
137,HIGHSCHOOL,15.67419576,M,R,54.5,60.27777778,RIGHT,58.19444444
138,HIGHSCHOOL,16.38056126,F,R,76.4,31.07142857,RIGHT,29.92063492
139,HIGHSCHOOL,14.5927447,F,R,45.0,47.47474747,RIGHT,45.28619529
140,HIGHSCHOOL,15.00068446,M,R,56.8,56.05333333,RIGHT,54.90666667
141,ADULT,35.8220397,M,R,88.6,45.91452991,RIGHT,39.96581197
142,ADULT,64.32306639,M,R,89.5,38.75338753,RIGHT,39.00745257
143,ADULT,26.19849418,M,R,105.6,43.66035571,RIGHT,41.72403901
144,ADULT,60.678987,F,R,72.7,27.625,RIGHT,26.875
145,ADULT,41.93839836,F,R,47.7,47.74603175,RIGHT,47.14285714
146,ADULT,54.16563997,M,R,112.7,46.72043011,RIGHT,42.24462366
147,ADULT,52.62970568,M,R,87.3,55.55555556,RIGHT,51.71875
148,ADULT,38.14099932,M,R,100.9,63.39339339,RIGHT,60
149,ADULT,35.69062286,F,R,65.0,49.88344988,RIGHT,44.75524476
150,ADULT,54.72963723,F,R,63.6,38.95238095,RIGHT,35.30952381
151,ADULT,62.48870637,F,R,95.5,25.84126984,RIGHT,26.82539683
152,ADULT,42.00958248,M,R,122.7,48.86419753,RIGHT,47.56790123
153,ELEMENTARY,6.097193703,F,R,20.5,31.12094395,RIGHT,26.179941
154,ADULT,41.09514031,F,R,90.0,38.65319865,RIGHT,35.67340067
155,MIDDLE,12.94455852,F,R,55.9,41.30081301,RIGHT,36.96476965
156,ADULT,34.88295688,F,R,75.0,41.85858586,RIGHT,39.75757576
157,ADULT,24.05201916,F,R,70.5,51.56989247,RIGHT,48.27956989
158,ADULT,37.28131417,M,R,77.3,36.8627451,RIGHT,34.98039216
159,ADULT,17.29226557,M,R,87.3,64.6875,RIGHT,65.52083333
160,ADULT,33.89459274,F,R,80.9,33.67041199,RIGHT,32.34082397
161,ADULT,30.7652293,F,R,84.1,34.73873874,RIGHT,34.59459459
162,ADULT,37.08692676,F,R,90.9,38.56666667,RIGHT,36.36666667
163,ADULT,60.58042437,F,R,53.6,38.8700565,RIGHT,34.5480226
164,HIGHSCHOOL,18.13826146,F,R,52.6,40.70236039,RIGHT,37.39205527
165,HIGHSCHOOL,17.96577687,F,R,86.4,33.54385965,RIGHT,34.22807018
166,HIGHSCHOOL,17.58795346,F,R,72.7,40.41666667,RIGHT,38.20833333
167,ADULT,29.00479124,M,R,79.5,75.42857143,RIGHT,71.42857143
168,ADULT,45.45653662,F,R,68.2,45.82222222,RIGHT,45.08888889
169,HIGHSCHOOL,18.57631759,F,R,49.7,45.27726996,RIGHT,39.3662401
170,HIGHSCHOOL,17.80698152,F,R,54.5,32.44444444,RIGHT,29.86111111
171,ADULT,26.57631759,F,R,70.5,26.92473118,RIGHT,28.04301075
172,ADULT,24.73648186,M,R,95.5,67.80952381,RIGHT,64.58730159
173,HIGHSCHOOL,18.0862423,M,R,81.8,52.22222222,RIGHT,49.75925926
174,HIGHSCHOOL,17.93292266,F,R,60.9,44.87562189,RIGHT,40.12437811
175,HIGHSCHOOL,17.85626283,M,R,54.5,61,RIGHT,53.80555556
176,HIGHSCHOOL,17.41546886,M,R,75.0,49.8989899,RIGHT,46.42424242
177,HIGHSCHOOL,17.45379877,M,R,79.5,48.72380952,RIGHT,46.32380952
178,HIGHSCHOOL,17.47843943,F,R,44.5,51.9047619,RIGHT,45.44217687
179,HIGHSCHOOL,18.47227926,F,R,57.4,39.88378236,RIGHT,42.94770206
180,HIGHSCHOOL,18.20396988,F,R,59.1,48.61538462,RIGHT,47.41025641
181,HIGHSCHOOL,18.00684463,M,R,77.3,64.11764706,RIGHT,60.19607843
182,HIGHSCHOOL,17.42368241,M,R,59.8,63.12056738,RIGHT,57.16818642
183,HIGHSCHOOL,18.33812457,M,R,97.7,49.82945736,RIGHT,47.08527132
184,HIGHSCHOOL,18,M,R,81.8,65.51851852,RIGHT,67.18518519
185,HIGHSCHOOL,17.61259411,M,R,86.4,39.8245614,RIGHT,39.54385965
186,HIGHSCHOOL,17.4017796,F,R,53.2,50.42735043,RIGHT,48.61538462
187,HIGHSCHOOL,17.85626283,M,R,81.8,49.18518519,RIGHT,40.05555556
188,HIGHSCHOOL,18.16563997,F,R,65.9,41.47126437,RIGHT,38.49425287
189,HIGHSCHOOL,17.40451745,F,R,78.6,26.58959538,RIGHT,26.28131021
190,HIGHSCHOOL,18.32443532,F,R,60.0,27.52525253,RIGHT,26.16161616
191,HIGHSCHOOL,18.10540726,F,R,56.8,46.88,RIGHT,43.28
192,HIGHSCHOOL,17.59069131,F,L,54.5,47.27777778,RIGHT,47.97222222
193,HIGHSCHOOL,17.89459274,F,R,79.5,31.12380952,RIGHT,29.9047619
194,HIGHSCHOOL,17.47843943,F,L,52.3,39.82608696,RIGHT,42.84057971
195,HIGHSCHOOL,18.10814511,F,R,85.9,29.78835979,RIGHT,32.05291005
196,HIGHSCHOOL,18.71321013,F,R,47.7,50.15873016,RIGHT,49.3015873
197,HIGHSCHOOL,18.36824093,F,R,63.6,38.80952381,RIGHT,37.95238095
198,HIGHSCHOOL,18.0698152,F,L,48.6,25.54517134,RIGHT,28.19314642
199,HIGHSCHOOL,18.27241615,F,L,70.5,32.08602151,RIGHT,35.01075269
200,ADULT,51.08281999,M,R,122.7,37.50617284,RIGHT,37.07407407
201,HIGHSCHOOL,18.35455168,F,L,75.0,37.77777778,RIGHT,40.16161616
202,ADULT,54.52156057,F,R,61.4,45.67901235,RIGHT,46.2962963
203,HIGHSCHOOL,17.75496235,F,R,46.4,44.83660131,RIGHT,40.65359477
204,HIGHSCHOOL,17.82340862,F,R,75.0,36.60606061,RIGHT,35.2020202
205,HIGHSCHOOL,17.85352498,F,R,47.7,42.79365079,RIGHT,37.3015873
206,HIGHSCHOOL,17.72210815,F,L,51.8,46.31578947,RIGHT,43.59649123
207,HIGHSCHOOL,18.23956194,F,R,43.6,45.79861111,RIGHT,47.72569444
208,HIGHSCHOOL,18.53251198,M,R,77.3,11.41176471,RIGHT,10.74509804
209,HIGHSCHOOL,17.53867214,M,R,68.5,43.91323595,RIGHT,40.74811864
210,ADULT,33.53319644,F,R,78.2,38.48837209,RIGHT,38.31395349
211,ADULT,19.09924709,F,R,72.7,29.91666667,RIGHT,28.62604167
212,ADULT,18.90212183,F,R,54.5,59.41666667,RIGHT,57.84722222
213,ADULT,20.59411362,F,R,65.0,39.90675991,RIGHT,38.15850816
214,ADULT,23.28542094,M,R,109.1,49,RIGHT,47.95833333
215,ADULT,18.46406571,M,R,79.5,60.41904762,RIGHT,59.47619048
216,ADULT,18.65845311,F,R,56.8,30.34666667,RIGHT,24.77333333
217,ADULT,20.85147159,F,R,56.4,35,RIGHT,32.31182796
218,ADULT,20.84052019,M,R,69.1,46.84210526,RIGHT,47.87280702
219,ADULT,18.88021903,M,L,82.8,40.212221,RIGHT,38.41931943
220,ADULT,17.62080767,M,R,72.7,58.625,RIGHT,57.875
221,ADULT,20.21629021,M,R,84.1,45.62162162,RIGHT,43.42342342
222,ADULT,66.13278576,F,R,70.5,28.77419355,RIGHT,24.88172043
223,ADULT,19.25530459,F,R,79.5,40.76190476,RIGHT,37.06666667
224,ADULT,18.73511294,F,R,65.9,43.44827586,RIGHT,41.35632184
225,ADULT,18.954141,F,R,52.3,49.27536232,RIGHT,44.7826087
226,ADULT,18.62833676,F,R,56.8,48.96,RIGHT,47.62666667
227,ADULT,45.9028063,M,R,85.5,63.4751773,RIGHT,61.5070922
228,ADULT,45.86447639,M,R,70.0,61.12554113,RIGHT,58.3982684
229,HIGHSCHOOL,15.29637235,M,R,50.0,65.57575758,RIGHT,62.84848485
230,ADULT,33.68377823,M,R,81.8,60.2962963,RIGHT,57.72222222
231,ELEMENTARY,10.56536619,M,L,34.1,39.46666667,RIGHT,44.53333333
232,ELEMENTARY,7.44421629,M,R,20.5,36,RIGHT,32.37037037
233,MIDDLE,13.97672827,M,R,89.1,43.1292517,RIGHT,44.04761905
234,ADULT,43.08555784,M,R,70.5,63.09677419,RIGHT,56.58064516
235,ADULT,41.45379877,F,R,49.1,50.18518519,RIGHT,46.2654321
236,ELEMENTARY,9.508555784,M,R,22.3,51.70068027,RIGHT,50.6122449
237,ADULT,68.41067762,M,L,103.6,22.54385965,RIGHT,23.08479532
238,HIGHSCHOOL,16.86516085,M,R,79.5,42.17142857,RIGHT,40.83809524
239,ADULT,67.92607803,M,R,81.4,66.89013035,RIGHT,65.25139665
240,ADULT,79.92607803,M,L,72.7,33.625,RIGHT,33.60416667
241,ADULT,54.40657084,M,R,62.7,72.85748792,RIGHT,65.24516908
242,ADULT,22.41752225,F,R,58.2,48.90625,RIGHT,47.03125
243,ADULT,33.01848049,F,R,77.3,34.15686275,RIGHT,33.64705882
244,ADULT,53.11430527,M,R,87.3,64.47916667,RIGHT,62.56944444
245,ELEMENTARY,7.997262149,M,R,27.3,35.77777778,RIGHT,35.38888889
246,ELEMENTARY,6.29705681,M,R,31.4,23.76811594,RIGHT,20.62801932
247,ADULT,16.09034908,M,R,78.2,47.20930233,RIGHT,48.89534884
248,ADULT,37.97125257,M,R,159.1,34.7047619,RIGHT,36.78095238
249,ADULT,70.91854894,F,R,54.5,49.11111111,RIGHT,44.63888889
250,ADULT,27.44420488,M,R,81.54545455,67.52136752,RIGHT,67.00111482
251,ADULT,25.2518874,M,R,86.09090909,56.8813798,RIGHT,55.75501584
252,ADULT,25,F,R,58.27272727,59.07436298,RIGHT,59.82839314
253,ADULT,26,F,L,63.36363636,45.24151124,RIGHT,46.75992348
254,ADULT,25,F,R,75,47.03030303,RIGHT,45.39393939
255,ADULT,26.90417325,M,L,67.63636364,70.60931899,RIGHT,70.8109319
256,ADULT,24.91238698,M,R,80.81818182,62.42969629,RIGHT,56.52418448
257,ADULT,23,M,R,75.36363636,96.30076398,RIGHT,97.28588662
258,ADULT,25,F,R,66.36363636,46.71232877,RIGHT,43.28767124
259,ADULT,23,F,R,73.63636364,48.10699588,RIGHT,43.66255144
260,ADULT,24,F,R,55.63636364,46.02396514,RIGHT,44.03594771
261,ADULT,24,F,R,61.90909091,43.95496818,RIGHT,41.55653451
262,ADULT,24,M,R,72.72727273,62.29166666,RIGHT,57.29166666
263,ADULT,25,M,R,83.63636364,60.25362319,RIGHT,57.82608695
264,ADULT,24.50170092,M,R,84,59.84848485,RIGHT,55.501443
265,ADULT,24,M,L,72.72727273,71.91666666,RIGHT,70.70833333
266,ADULT,24,F,R,66.36363636,50.73059361,RIGHT,48.76712329
267,ADULT,28.90143535,M,R,62.27272727,65.40145986,RIGHT,67.95620438
268,ADULT,29,M,R,82.36363636,52.68579838,RIGHT,49.20897719
269,MIDDLE,13,M,R,56.81818182,71.36,RIGHT,67.14666666
270,MIDDLE,13,M,R,66.81818182,44.42176871,RIGHT,44.85260771
271,HIGHSCHOOL,16,M,R,65,76.15384615,RIGHT,74.39393939
272,MIDDLE,13,M,R,71.36363636,62.1656051,RIGHT,57.15498939
273,MIDDLE,11,M,R,42.72727273,51.9858156,RIGHT,50.95744681
274,MIDDLE,13,M,L,48.09090909,49.14933838,RIGHT,48.23566478
275,MIDDLE,13,M,R,52.27272727,72.11594203,RIGHT,67.79710145
276,MIDDLE,13,M,R,44.90909091,51.68690958,RIGHT,51.85560054
277,HIGHSCHOOL,17,F,R,63.09090909,43.7079731,RIGHT,44.64457253
278,HIGHSCHOOL,17,F,R,59.90909091,39.7066262,RIGHT,40.71825999
279,HIGHSCHOOL,16,F,R,57.09090909,40.76433121,RIGHT,37.47346072
280,HIGHSCHOOL,15,F,R,55.90909091,47.58807588,RIGHT,42.24932249
281,MIDDLE,13,F,R,41.18181818,49.52170714,RIGHT,43.67181751
282,ADULT,22.50717674,F,R,63.7,39.34161077,RIGHT,38.27125256
283,ADULT,23.79465697,F,R,56,39.5021645,RIGHT,41.72077922
284,ADULT,21.7837054,F,R,56.4,54.42725124,RIGHT,52.68106598
285,ADULT,24.54824534,F,R,56.1,49.47874467,RIGHT,48.29039054
286,ADULT,28.5783623,M,R,76.5,60.80411963,RIGHT,60.90314914
287,ADULT,29.1095163,M,R,79.2,76.90541781,RIGHT,74.82017141
288,ELEMENTARY,3.529089665,F,R,15.90909091,29.9047619,RIGHT,33.23809524
289,ELEMENTARY,3.890485969,F,R,17.45454545,14.67013889,RIGHT,14.453125
290,ELEMENTARY,4.991101985,F,R,22.72727273,21.06666667,RIGHT,21.93333333
291,ELEMENTARY,5.160848734,F,L,24.4,17.66169154,RIGHT,22.88557214
292,ELEMENTARY,5.489390828,M,L,19.5,33.95348837,RIGHT,31.70542636
293,ELEMENTARY,5.511293634,M,R,20,31.06060606,RIGHT,31.89393939
294,ELEMENTARY,6.236824093,F,R,24.1,34.21383648,RIGHT,29.37106918
295,ELEMENTARY,6.313483915,M,R,21.8,21.94444444,RIGHT,25.97222222
296,ELEMENTARY,6.926762491,M,R,22.7,60.13333333,RIGHT,57.6
297,ELEMENTARY,6.959616701,M,R,45.2,70.28839705,RIGHT,73.60831657
298,ELEMENTARY,7.159479808,M,R,22.18181818,49.72677596,RIGHT,50.40983607
299,ELEMENTARY,7.216974675,F,R,28.63636364,27.1957672,RIGHT,27.83068783
300,ELEMENTARY,7.227926078,F,R,20,53.48484848,RIGHT,45.07575758
301,ELEMENTARY,7.227926078,M,R,23.18181818,32.94117647,RIGHT,35.68627451
302,ELEMENTARY,7.277207392,M,L,32.7,30.74074074,RIGHT,29.62962963
303,ELEMENTARY,7.422313484,M,R,18.18181818,54.16666667,RIGHT,53.66666667
304,ELEMENTARY,7.501711157,M,R,24.4,42.66169154,RIGHT,38.30845771
305,ELEMENTARY,7.718001369,M,R,23.63636364,50,RIGHT,50.76923077
306,ELEMENTARY,7.865845311,M,L,27.9,35.07057546,RIGHT,38.43648208
307,ELEMENTARY,7.947980835,M,R,21.90909091,35.54633472,RIGHT,37.41355463
308,ELEMENTARY,7.958932238,F,R,24.5,52.09876543,RIGHT,50.61728395
309,ELEMENTARY,7.978097194,M,R,22.7,50.13333333,RIGHT,45.93333333
310,ELEMENTARY,8.262833676,F,R,45.45454545,34.73333333,RIGHT,34.16666667
311,ELEMENTARY,8.262833676,M,L,28.5,40.02123142,RIGHT,38.69426752
312,ELEMENTARY,8.306639288,M,R,28.2,50.53763441,RIGHT,51.55913978
313,ELEMENTARY,8.41889117,F,R,32.2,37.75894539,RIGHT,36.25235405
314,ELEMENTARY,8.484599589,M,R,38.72727273,43.74021909,RIGHT,41.54929577
315,ELEMENTARY,8.558521561,M,R,27.3,44.88888889,RIGHT,44
316,ELEMENTARY,8.843258042,M,L,54.54545455,29.66666667,RIGHT,29.13888889
317,ELEMENTARY,8.87063655,M,R,32.18181818,31.45009416,RIGHT,31.826742
318,ELEMENTARY,9.404517454,F,L,19.54545455,46.35658915,RIGHT,51.31782946
319,ELEMENTARY,9.418206708,F,R,20,35.3030303,RIGHT,35.90909091
320,ELEMENTARY,9.505817933,M,R,70.18181818,28.6701209,RIGHT,28.30310881
321,ELEMENTARY,9.527720739,M,R,36.90909091,38.1773399,RIGHT,35.67323481
322,ELEMENTARY,9.533196441,F,R,29.5,53.64102564,RIGHT,51.17948718
323,ELEMENTARY,9.533196441,F,R,34.1,49.15555556,RIGHT,42.66666667
324,ELEMENTARY,9.70568104,M,R,29.5,40.1025641,RIGHT,35.53846154
325,ELEMENTARY,9.735797399,F,R,29.5,41.74358974,RIGHT,43.07692308
326,ELEMENTARY,9.741273101,F,R,40.90909091,37.85185185,RIGHT,39.90740741
327,ELEMENTARY,9.837097878,M,R,35.18181818,34.79758829,RIGHT,33.72093023
328,ELEMENTARY,9.850787132,M,R,29.5,51.38461538,RIGHT,51.28205128
329,ELEMENTARY,9.902806297,M,L,45.45454545,39.66666667,RIGHT,40.33333333
330,ELEMENTARY,9.908281999,M,R,35.1,72.10708117,RIGHT,66.27806563
331,ELEMENTARY,9.976728268,M,R,27.72727273,50.71038251,RIGHT,44.80874317
332,ELEMENTARY,10.13004791,M,R,38.63636364,56.31372549,RIGHT,53.21568627
333,ELEMENTARY,10.20396988,F,L,40.90909091,45.77777778,RIGHT,42.77777778
334,ELEMENTARY,10.23956194,M,R,27.27272727,51.11111111,RIGHT,51
335,ELEMENTARY,10.25598905,F,R,37.1,31.20915033,RIGHT,29.33006536
336,ELEMENTARY,10.34907598,F,R,32.4,41.38576779,RIGHT,40.21535581
337,ELEMENTARY,10.39835729,F,R,36.5,44.80465503,RIGHT,43.68246052
338,ELEMENTARY,10.45585216,F,R,32.36363636,46.06741573,RIGHT,45.06086142
339,ELEMENTARY,10.47227926,F,R,32.5,107.4487896,RIGHT,76.58286778
340,ELEMENTARY,10.53798768,M,R,37.59090909,48.32728738,RIGHT,52.41837969
341,ELEMENTARY,10.64750171,M,R,30.09090909,22.65861027,RIGHT,22.0040282
342,ELEMENTARY,10.66666667,M,R,34.5,44.73684211,RIGHT,44.03508772
343,ELEMENTARY,10.69130732,F,R,40.9,32.14814815,RIGHT,32.18518519
344,MIDDLE,11.18412047,F,R,41.81818182,45,RIGHT,43.1884058
345,MIDDLE,11.24982888,M,R,30.77272727,54.75135401,RIGHT,52.1910389
346,MIDDLE,11.25530459,M,R,37.2,44.41727791,RIGHT,46.61776691
347,MIDDLE,11.26351814,M,R,36.40909091,47.14939659,RIGHT,48.7931752
348,MIDDLE,11.37577002,F,R,40.90909091,37.25925926,RIGHT,39.77777778
350,MIDDLE,11.50718686,F,R,45.9,22.97029703,RIGHT,20.72607261
351,MIDDLE,11.54551677,F,R,38.6,62.58823529,RIGHT,58.82352941
352,MIDDLE,11.56468172,M,R,36.5,44.55527847,RIGHT,39.52618454
353,MIDDLE,11.63312799,M,R,73.45454545,22.48349835,RIGHT,21.69966997
354,MIDDLE,11.65229295,F,R,54.5,42.77777778,RIGHT,40.25
355,MIDDLE,11.67419576,M,R,37.90909091,33.09352518,RIGHT,33.41326938
356,MIDDLE,11.70157426,M,R,37.72727273,26.58634538,RIGHT,24.6184739
357,MIDDLE,11.77275838,M,R,34.1,35.64444444,RIGHT,34.17777778
358,MIDDLE,11.87132101,F,L,45.5,59.61410512,RIGHT,61.27744511
359,MIDDLE,11.87953457,M,R,50,42.12121212,RIGHT,40.09090909
360,MIDDLE,11.89596167,F,R,44.81818182,37.18728871,RIGHT,36.95064233
361,MIDDLE,11.90965092,F,R,42.72727273,48.79432624,RIGHT,50.63829787
362,MIDDLE,11.91512663,F,R,46.81818182,43.36569579,RIGHT,40
363,MIDDLE,11.94524298,F,R,34.54545455,45.96491228,RIGHT,42.80701754
364,MIDDLE,11.96714579,F,R,37.27272727,48.7804878,RIGHT,46.54471545
365,MIDDLE,11.99178645,M,L,75.0,28.2020202,RIGHT,30.03030303
366,MIDDLE,12.03011636,M,R,72.3,43.89937107,RIGHT,40.22012579
367,MIDDLE,12.04654346,F,R,60.6,34.70867717,RIGHT,32.65816454
368,MIDDLE,12.06297057,F,L,81.45454545,31.99404762,RIGHT,30.48735119
369,MIDDLE,12.07392197,F,R,32.3,40.18779343,RIGHT,37.69953052
370,MIDDLE,12.07939767,M,R,50.54545455,53.95683453,RIGHT,56.23501199
371,MIDDLE,12.08761123,F,L,67.5,31.80798564,RIGHT,31.80798564
372,MIDDLE,12.12867899,M,R,37.8,46.875,RIGHT,43.30929487
373,MIDDLE,12.19986311,M,R,48.63636364,33.52024922,RIGHT,31.40186916
374,MIDDLE,12.21355236,F,R,85,33.29768271,RIGHT,33.74331551
375,MIDDLE,12.25188227,F,R,37.90909091,44.36450839,RIGHT,46.12310152
376,MIDDLE,12.28473648,F,R,40.45454545,39.47565543,RIGHT,37.11610487
377,MIDDLE,12.28747433,M,L,36.5,28.5120532,RIGHT,27.14048213
378,MIDDLE,12.29295003,F,R,76.36363636,25.79365079,RIGHT,24.68253968
379,MIDDLE,12.33675565,M,R,41.18181818,54.59896983,RIGHT,54.19426049
380,MIDDLE,12.38056126,F,R,77.7,34.42495127,RIGHT,34.42495127
381,MIDDLE,12.40520192,F,R,46.36363636,21.24183007,RIGHT,23.03921569
382,MIDDLE,12.42710472,F,R,57,40.24455077,RIGHT,34.95481127
383,MIDDLE,12.46269678,F,R,45.45454545,39.13333333,RIGHT,38
384,MIDDLE,12.47091034,M,R,41.36363636,58.02197802,RIGHT,53.003663
385,MIDDLE,12.47091034,F,L,50.0,52.60606061,RIGHT,48.66666667
386,MIDDLE,12.49281314,M,R,72.72727273,44.5,RIGHT,43.39583333
387,MIDDLE,12.49828884,F,R,63.63636364,39.19047619,RIGHT,37.33333333
388,MIDDLE,12.53935661,M,R,46.4,47.7124183,RIGHT,38.36601307
389,MIDDLE,12.55852156,F,R,48.45454545,39.64978111,RIGHT,40.68167605
390,MIDDLE,12.59685147,M,R,74.5,40,RIGHT,38.69918699
391,MIDDLE,12.65434634,M,R,77.72727273,26.23781676,RIGHT,26.64717349
392,MIDDLE,12.6954141,M,L,54.5,34.44444444,RIGHT,33.22222222
393,MIDDLE,12.73374401,F,R,35.45454545,51.53846154,RIGHT,48.97435897
394,MIDDLE,12.74743326,F,R,37.18181818,60.71719641,RIGHT,57.17196414
395,MIDDLE,12.75290897,F,R,62.5,33.72093023,RIGHT,31.90406977
396,MIDDLE,12.91444216,F,R,35.90909091,63.5443038,RIGHT,50.92827004
397,MIDDLE,12.92265572,F,R,50.2,38.88888889,RIGHT,36.98671498
398,MIDDLE,12.93634497,F,L,57.72727273,44.98687664,RIGHT,45.43307087
399,MIDDLE,12.96646133,M,R,61.36363636,41.82716049,RIGHT,38.81481481
400,MIDDLE,13.04859685,M,R,52.7,18.16091954,RIGHT,17.01149425
401,MIDDLE,13.10061602,M,R,50.45454545,58.1981982,RIGHT,61.11111111
402,MIDDLE,13.15263518,M,R,47.5,46.67943806,RIGHT,45.56194125
403,MIDDLE,13.26762491,M,L,39.2,34.18406806,RIGHT,36.04021655
404,MIDDLE,13.37166324,M,R,61.4,53.38271605,RIGHT,55.03703704
405,MIDDLE,13.38261465,M,L,45.5,63.2,RIGHT,64.83333333
406,MIDDLE,13.62902122,M,R,53.90909091,51.60202361,RIGHT,54.8341765
407,MIDDLE,13.64818617,M,R,54.5,43.88888889,RIGHT,39.69444444
408,MIDDLE,13.67008898,M,R,74.5,36.17886179,RIGHT,33.41463415
409,MIDDLE,13.70841889,F,R,56.27272727,33.817986,RIGHT,33.38718363
410,MIDDLE,13.71389459,F,R,41.8,65.25362319,RIGHT,63.60507246
411,MIDDLE,13.7303217,M,R,43.2,63.71929825,RIGHT,60.1754386
412,MIDDLE,13.84257358,F,R,45.45454545,53.86666667,RIGHT,55.13333333
413,MIDDLE,13.93292266,F,R,45,49.56228956,RIGHT,50.67340067
414,HIGHSCHOOL,14.01779603,M,L,38.45454545,42.94720252,RIGHT,44.12923562
415,HIGHSCHOOL,14.09993155,M,R,79.54545455,63.04761905,RIGHT,57.52380952
416,HIGHSCHOOL,14.15195072,M,R,59.5,73.63867684,RIGHT,67.98982188
417,HIGHSCHOOL,14.15468857,M,R,36.4,56.41666667,RIGHT,53.33333333
418,HIGHSCHOOL,14.16290212,M,R,62.72727273,67.58454106,RIGHT,65.33816425
419,HIGHSCHOOL,14.2532512,M,R,52.3,58.72463768,RIGHT,58.26086957
420,HIGHSCHOOL,14.31074606,M,R,53.63636364,62.48587571,RIGHT,59.7740113
421,HIGHSCHOOL,14.35181383,F,R,46.6,56.07537362,RIGHT,52.37166992
422,HIGHSCHOOL,14.41752225,F,L,51.8,6.315789474,RIGHT,25.1754386
423,HIGHSCHOOL,14.48870637,M,R,50,62.18181818,RIGHT,59.96969697
424,HIGHSCHOOL,14.51882272,M,R,40.9,59.62962963,RIGHT,53.98148148
425,HIGHSCHOOL,14.80903491,M,R,59.09090909,71.43589744,RIGHT,64.48717949
426,HIGHSCHOOL,14.95687885,M,R,60.18181818,36.70694864,RIGHT,35.07049345
427,HIGHSCHOOL,14.9596167,M,R,47.7,64.25396825,RIGHT,59.61904762
428,HIGHSCHOOL,15.00889802,F,R,56.4,17.60752688,RIGHT,15.49731183
429,HIGHSCHOOL,15.07734428,F,R,60.72727273,35.02994012,RIGHT,36.12774451
430,HIGHSCHOOL,15.20328542,F,R,67.27272727,34.45945946,RIGHT,35.22522523
431,HIGHSCHOOL,15.34291581,M,R,83.63636364,57.93478261,RIGHT,53.05253623
432,HIGHSCHOOL,15.35660507,M,R,93.18181818,57.26829268,RIGHT,53.17073171
434,HIGHSCHOOL,15.45242984,F,R,59.09090909,43.48717949,RIGHT,43.1025641
435,HIGHSCHOOL,15.60574949,M,L,102.3,38.99259259,RIGHT,37.06666667
436,HIGHSCHOOL,15.72347707,M,L,60.5,46.46616541,RIGHT,48.12030075
437,HIGHSCHOOL,15.74537988,F,R,53.18181818,46.26780627,RIGHT,45.0997151
438,HIGHSCHOOL,15.75359343,F,L,100,16.90909091,RIGHT,14.39393939
439,HIGHSCHOOL,15.76728268,M,R,77.27272727,46.07843137,RIGHT,43
440,HIGHSCHOOL,15.78644764,M,R,55.5,47.86885246,RIGHT,46.14754098
441,HIGHSCHOOL,15.79466119,M,R,87.27272727,46.84027778,RIGHT,47.30902778
442,HIGHSCHOOL,15.82477755,M,R,61.4,42.12345679,RIGHT,43.43209877
443,HIGHSCHOOL,15.86858316,F,R,59.54545455,50.89058524,RIGHT,47.17557252
444,HIGHSCHOOL,16.15058179,F,R,44.5,46.80272109,RIGHT,46.56462585
445,HIGHSCHOOL,16.1779603,M,R,50.45454545,62.94294294,RIGHT,63.93393393
446,HIGHSCHOOL,16.38056126,M,R,61.36363636,95.35802469,RIGHT,92.08641975
448,HIGHSCHOOL,16.56399726,M,R,81.8,77,RIGHT,74.75925926
449,HIGHSCHOOL,16.78302533,M,R,72.72727273,56.875,RIGHT,57.04166667
450,HIGHSCHOOL,16.79397673,F,R,47.7,49.96825397,RIGHT,47.26984127
451,HIGHSCHOOL,17.02121834,M,R,55.5,70.27322404,RIGHT,64.26229508
452,HIGHSCHOOL,17.15537303,M,R,53.63636364,61.41242938,RIGHT,59.0960452
453,HIGHSCHOOL,17.46201232,F,R,63.6,34.28571429,RIGHT,34.26190476
454,HIGHSCHOOL,17.76591376,M,R,57.3,14.20634921,RIGHT,16.30952381
455,HIGHSCHOOL,17.83983573,F,R,100.0,27.48484848,RIGHT,26.60606061
456,HIGHSCHOOL,18.40109514,F,R,72.7,28.625,RIGHT,29.25
457,HIGHSCHOOL,18.4202601,M,R,59.1,72.92307692,RIGHT,71.28205128
458,HIGHSCHOOL,18.4366872,M,R,86.4,52.49122807,RIGHT,48.87719298
459,HIGHSCHOOL,18.52703628,F,R,50.0,44.54545455,RIGHT,44.03030303
460,HIGHSCHOOL,18.75427789,M,R,55.5,70.43715847,RIGHT,65.98360656
461,ADULT,19.01163587,F,R,76.4,41.82539683,RIGHT,39.00793651
462,ADULT,19.10746064,F,R,90.8,20.5641796,RIGHT,20.73109664
464,ADULT,19.2936345,F,R,72.72727273,48.91666667,RIGHT,49.14583333
465,ADULT,19.38124572,M,R,72.72727273,78.54166667,RIGHT,77.72916667
466,ADULT,19.41957563,F,R,20.0,38.33333333,RIGHT,37.87878788
467,ADULT,20.31211499,M,R,63.6,57.0952381,RIGHT,53.88095238
468,ADULT,20.89253936,M,R,115.9,44.33986928,RIGHT,40.09150327
469,ADULT,21.10061602,M,R,113.6,40.13333333,RIGHT,38.06666667
470,ADULT,21.29774127,F,R,100,27.42424242,RIGHT,27.34848485
471,ADULT,21.30869268,M,R,45.45454545,64.06666667,RIGHT,60.2
472,ADULT,21.37166324,M,R,111.3636364,38.7755102,RIGHT,39.86394558
473,ADULT,21.97125257,M,R,85.90909091,63.28042328,RIGHT,59.20634921
474,ADULT,21.97399042,F,R,61.36363636,42.56790123,RIGHT,40.91358025
475,ADULT,22.48049281,M,R,72.7,57.79166667,RIGHT,54.5
476,ADULT,22.49965777,M,R,68.2,75.24444444,RIGHT,66.97777778
477,ADULT,23.64134155,M,L,75,48.60606061,RIGHT,51.5959596
478,ADULT,24.99110198,F,R,77.3,28.74509804,RIGHT,29.58823529
479,ADULT,25.5578371,F,R,59.1,50.25641026,RIGHT,47.30769231
480,ADULT,25.72210815,M,R,67.3,64.54954955,RIGHT,62.74774775
481,ADULT,25.99315537,F,R,93.2,35.28455285,RIGHT,35.52845528
482,ADULT,26.0862423,M,R,127.2727273,23.85714286,RIGHT,23.82142857
483,ADULT,26.26694045,M,L,77.3,42.47058824,RIGHT,45.41176471
484,ADULT,27.11841205,M,R,59.1,71.94871795,RIGHT,64.25641026
485,ADULT,28.88158795,M,L,75.0,69.85858586,RIGHT,68.82828283
486,ADULT,29.11978097,M,R,77.3,68.11764706,RIGHT,64.88235294
487,ADULT,29.42368241,M,R,65.9,55.5862069,RIGHT,55.08045977
488,ADULT,29.78234086,M,R,113.6363636,37.01333333,RIGHT,34.10666667
489,ADULT,30.22313484,F,R,61.36363636,27.85185185,RIGHT,27.0617284
490,ADULT,30.52156057,M,R,127.3,36.88095238,RIGHT,36.66666667
491,ADULT,30.55441478,M,R,81.81818182,36.37037037,RIGHT,36.14814815
492,ADULT,30.72416153,F,R,79.5,22.7047619,RIGHT,20.4952381
493,ADULT,30.82272416,M,R,109.0909091,48.66666667,RIGHT,48.25
494,ADULT,30.82546201,M,R,159.1,35.2,RIGHT,33.66666667
495,ADULT,31.08829569,F,R,56.81818182,41.54666667,RIGHT,45.44
496,ADULT,31.31827515,M,R,81.81818182,57.37037037,RIGHT,54.40740741
497,ADULT,31.38398357,M,R,72.72727273,65.54166667,RIGHT,59.27083333
498,ADULT,31.72895277,F,R,73.54545455,36.05274001,RIGHT,34.34281005
499,ADULT,31.75906913,F,R,70.45454545,51.31182796,RIGHT,48.02150538
500,ADULT,31.85215606,M,R,91.81818182,65.11551155,RIGHT,65.75907591
501,ADULT,32.0054757,F,R,54.5,52.44444444,RIGHT,50.75
502,ADULT,32.26830938,F,R,52.3,45.94202899,RIGHT,42.39130435
503,ADULT,32.79945243,M,R,86.36363636,36.24561404,RIGHT,34.45614035
504,ADULT,33.0513347,M,R,100,48.06060606,RIGHT,48.48484848
505,ADULT,33.13347023,M,L,77.3,29.64705882,RIGHT,43.76470588
506,ADULT,33.31964408,M,L,106.8181818,32.14184397,RIGHT,32.96453901
507,ADULT,33.50581793,F,R,58.5,35.92132505,RIGHT,36.5942029
508,ADULT,34.13552361,M,R,137.3,38.78587196,RIGHT,37.85871965
509,ADULT,34.85010267,F,R,51.36363636,64.36578171,RIGHT,62.59587021
510,ADULT,34.86105407,F,R,60.12590909,40.42022927,RIGHT,42.38580151
511,ADULT,35.05544148,M,R,67.7,58.07606264,RIGHT,56.39821029
512,ADULT,35.34565366,F,R,102.2727273,31.05185185,RIGHT,31.18518519
513,ADULT,35.58384668,F,R,145.4545455,27.08333333,RIGHT,27.9375
514,ADULT,35.71526352,F,R,61.81818182,37.94117647,RIGHT,34.87745098
515,ADULT,35.96714579,M,R,90.90909091,57.96666667,RIGHT,55.7
516,ADULT,36.3613963,F,R,93.18181818,26.11382114,RIGHT,26.95934959
517,ADULT,36.38056126,M,R,61.4,59.90123457,RIGHT,57.33333333
518,ADULT,38.31622177,F,R,57.1,48.89949615,RIGHT,43.72845399
519,ADULT,38.38466804,F,R,63.63636364,63,RIGHT,56.07142857
520,ADULT,38.68856947,M,L,81.81818182,57.07407407,RIGHT,55.74074074
521,ADULT,38.88021903,M,R,111.3636364,45.2244898,RIGHT,44.53061224
522,ADULT,39.2936345,F,R,80.0,14.12878788,RIGHT,14.18560606
523,ADULT,39.33744011,M,R,88.6,59.31623932,RIGHT,56.18803419
524,ADULT,39.95893224,M,R,86.36363636,57.50877193,RIGHT,50.36842105
525,ADULT,39.96714579,F,R,50,53.6969697,RIGHT,51.54545455
526,ADULT,40.11498973,F,R,90.90909091,27.55,RIGHT,27.19166667
527,ADULT,40.19164956,M,R,75.90909091,71.17764471,RIGHT,69.86027944
528,ADULT,40.83504449,M,R,75.0,64.44444444,RIGHT,60.78787879
529,ADULT,41.36344969,F,R,80.90909091,27.56554307,RIGHT,26.64794007
530,ADULT,41.68925394,M,L,108.4090909,30.5520615,RIGHT,30.93640811
531,ADULT,41.7412731,M,R,95.45454545,52.0952381,RIGHT,51.55555556
532,ADULT,42.15742642,F,R,82.72727273,32.12454212,RIGHT,30.16483516
533,ADULT,42.30253251,M,R,110.4545455,52.07133059,RIGHT,47.11934156
534,ADULT,43.00342231,M,R,100,34.27272727,RIGHT,34.33333333
535,ADULT,43.33196441,F,R,125,18.01212121,RIGHT,18.16969697
536,ADULT,43.38398357,F,R,95.45454545,32.25396825,RIGHT,32.28571429
537,ADULT,43.41957563,F,R,59.1,47.94871795,RIGHT,44.38461538
538,ADULT,43.52361396,M,R,97.72727273,38.97674419,RIGHT,38.31007752
539,ADULT,43.66324435,M,R,115.0,42.3715415,RIGHT,42.13438735
540,ADULT,43.78644764,F,R,74.1,45.88957055,RIGHT,44.98977505
541,ADULT,43.93429158,F,R,77.27272727,30.47058824,RIGHT,32.05882353
542,ADULT,44.02190281,M,R,142.3,34.12140575,RIGHT,29.45686901
543,ADULT,44.02190281,M,R,142.3,31.73588924,RIGHT,29.94675186
544,ADULT,44.27104723,M,R,65.90909091,65.05747126,RIGHT,60
545,ADULT,44.39425051,F,R,66.81818182,38.36734694,RIGHT,35.89569161
546,ADULT,44.82683094,F,R,55.9,37.50677507,RIGHT,43.87533875
547,ADULT,45.06502396,F,R,84.09090909,63.74774775,RIGHT,62.16216216
548,ADULT,45.09240246,M,L,92.36363636,79.03543307,RIGHT,74.75393701
549,ADULT,45.18001369,F,R,65.9,54.20689655,RIGHT,52.71264368
550,ADULT,45.36071184,F,R,75,30.70707071,RIGHT,32.76767677
551,ADULT,45.60711841,M,R,100,73.60606061,RIGHT,70.48484848
552,ADULT,46.27241615,F,R,81.81818182,45.96296296,RIGHT,45.48148148
553,ADULT,46.7926078,M,R,113.6363636,52,RIGHT,49.8
554,ADULT,47.24709103,M,R,86.36363636,42.10526316,RIGHT,40.70175439
555,ADULT,47.31279945,M,R,89.5,54.38240271,RIGHT,53.38409475
556,ADULT,48.24366872,M,R,161.3636364,30.68544601,RIGHT,28.68544601
557,ADULT,48.29568789,M,R,91.81818182,57.49174917,RIGHT,56.12211221
558,ADULT,48.43258042,M,R,63.63636364,72.66666667,RIGHT,69.97619048
559,ADULT,49.41820671,M,R,63.63636364,71,RIGHT,71.19047619
560,ADULT,49.62902122,F,R,92.72727273,27.45098039,RIGHT,26.51960784
561,ADULT,49.79876797,F,R,90.90909091,29,RIGHT,29.33333333
562,ADULT,49.83162218,M,R,63.63636364,71.9047619,RIGHT,71.71428571
563,ADULT,50.22313484,M,R,97.7,29.98449612,RIGHT,30.17054264
564,ADULT,50.31348392,F,L,52.3,52.63768116,RIGHT,51.15942029
565,ADULT,50.89117043,M,R,114.0909091,47.27755644,RIGHT,42.39043825
566,ADULT,50.98699521,M,R,90.90909091,42.03333333,RIGHT,42.01666667
567,ADULT,50.99794661,F,R,104.5,31.04347826,RIGHT,31.11594203
568,ADULT,51.25256674,M,R,90.9,52.26666667,RIGHT,51.83333333
569,ADULT,51.38672142,F,R,70.0,43.50649351,RIGHT,39.1991342
570,ADULT,51.41957563,M,R,76.36363636,61.82539683,RIGHT,59.62301587
571,ADULT,51.58658453,M,R,90,56.66666667,RIGHT,54.8989899
572,ADULT,51.74811773,F,L,79.5,36.45714286,RIGHT,34.45714286
573,ADULT,52.22724162,M,R,109.1,46.83333333,RIGHT,47.77777778
574,ADULT,52.33675565,F,L,63.6,30.38095238,RIGHT,29.16666667
575,ADULT,52.41889117,M,R,90.9,54.5,RIGHT,51.2
576,ADULT,52.57768652,M,L,84.1,70.01801802,RIGHT,65.81981982
577,ADULT,53.05407255,F,R,62.7,24.63768116,RIGHT,26.25603865
578,ADULT,53.28952772,F,R,68.2,34.71111111,RIGHT,32.57777778
579,ADULT,53.41820671,M,R,90.90909091,56.93333333,RIGHT,55.65
580,ADULT,53.43463381,M,L,97.7,50.63565891,RIGHT,52.48062016
581,ADULT,53.80698152,F,R,72.72727273,32.16666667,RIGHT,32.47916667
582,ADULT,54.04791239,F,R,86.36363636,28.66666667,RIGHT,27.07017544
583,ADULT,54.0698152,F,R,64.54545455,45.30516432,RIGHT,42.32394366
584,ADULT,54.11909651,M,R,84.54545455,48.10035842,RIGHT,48.17204301
585,ADULT,54.41752225,M,R,86.8,65.82897033,RIGHT,64.67713787
586,ADULT,54.48596851,F,R,55.9,50.62330623,RIGHT,46.74796748
587,ADULT,54.64202601,F,R,91.81818182,19.5049505,RIGHT,20.01650165
588,ADULT,54.72416153,M,R,65.9,74.94252874,RIGHT,72.85057471
589,ADULT,54.91033539,F,R,77.3,24.94117647,RIGHT,24.07843137
590,ADULT,55.02532512,F,R,68.18181818,31.37777778,RIGHT,31.31111111
591,ADULT,55.67419576,F,R,90.9,36.63333333,RIGHT,34.96666667
592,ADULT,56.30390144,M,R,112.2727273,43.31983806,RIGHT,41.30904184
593,ADULT,56.5065024,F,R,72.7,42.79166667,RIGHT,41.80208333
594,ADULT,56.90896646,M,R,83.6,41.8115942,RIGHT,42.69927536
595,ADULT,57.41820671,M,L,77.27272727,53.60784314,RIGHT,53.45098039
596,ADULT,57.63449692,M,R,87.27272727,45.72916667,RIGHT,48.4375
597,ADULT,58.56536619,M,R,72.72727273,32.875,RIGHT,32.0625
598,ADULT,58.72963723,F,R,79.5,26.36190476,RIGHT,24.34285714
599,ADULT,58.75427789,F,R,68.18181818,22.35555556,RIGHT,23.57777778
600,ADULT,59.07460643,M,R,75.0,64.76767677,RIGHT,60.22222222
601,ADULT,59.8220397,M,R,104.5454545,53.50724638,RIGHT,51.52173913
602,ADULT,60.05201916,F,R,59.09090909,46.15384615,RIGHT,42.87179487
603,ADULT,60.09034908,F,R,65.9,43.90804598,RIGHT,41.44827586
604,ADULT,60.10130048,F,R,84.1,26.1981982,RIGHT,25.54954955
605,ADULT,60.183436,F,R,65.9,46.25287356,RIGHT,41.97701149
606,ADULT,60.33675565,M,R,91.81818182,48.94389439,RIGHT,46.60066007
607,ADULT,61.41820671,M,R,104.5454545,42.23188406,RIGHT,40.68115942
608,ADULT,62.42847365,M,R,77.27272727,65.05882353,RIGHT,64.23529412
609,ADULT,62.49144422,M,R,102.2727273,45.57037037,RIGHT,48.47407407
610,ADULT,62.56536619,M,R,80.9,67.34082397,RIGHT,65.11235955
611,ADULT,62.82546201,F,R,67.27272727,27.52252252,RIGHT,25.18018018
612,ADULT,63.41957563,M,R,86.36363636,31.22807018,RIGHT,28.80701754
613,ADULT,64.65160849,F,R,60.63636364,56.62168916,RIGHT,53.87306347
614,ADULT,66.32991102,F,R,91.36363636,92.70315091,RIGHT,52.08955224
615,ADULT,66.6036961,F,R,65.45454545,25.18518519,RIGHT,27.26851852
616,ADULT,68.21081451,F,R,85.0,11.76470588,RIGHT,13.56506239
617,ADULT,68.98288843,M,R,75.0,42.94949495,RIGHT,41.97979798
618,ADULT,68.99110198,F,R,57.72727273,44.88188976,RIGHT,41.18110236
619,ADULT,69.89185489,F,R,70,35.88744589,RIGHT,33.26839827
620,ADULT,71.8275154,F,R,90.54545455,26.30522088,RIGHT,25.16733601
621,ADULT,72.18617385,F,R,56.8,47.14666667,RIGHT,46.8
622,ADULT,72.54757016,M,R,79.5,53.1047619,RIGHT,53.5047619
623,ADULT,72.96919918,M,R,94.5,44.61538462,RIGHT,42.74038462
624,ADULT,73.84531143,M,R,76.36363636,39.48412698,RIGHT,39.6031746
625,ADULT,78.39561944,F,L,57.27272727,47.84656085,RIGHT,46.55952381
626,ADULT,85.24024641,M,L,75,42.78787879,RIGHT,42.33333333
627,HIGHSCHOOL,16.48459959,F,R,63.6,53.23809524,RIGHT,49.57142857
628,HIGHSCHOOL,15.73442847,M,R,45.5,65.06666667,RIGHT,62.36666667
629,HIGHSCHOOL,16.78028747,F,R,56.8,52.64,RIGHT,48.8
630,HIGHSCHOOL,16.73921971,F,R,57.7,33.33333333,RIGHT,31.60104987
631,HIGHSCHOOL,17.40451745,F,R,50.0,67.6969697,RIGHT,66.06060606
632,HIGHSCHOOL,16.10403833,F,R,59.1,54,RIGHT,52.30769231
633,HIGHSCHOOL,16.21081451,F,R,84.1,34.7027027,RIGHT,30.36036036
634,HIGHSCHOOL,15.05817933,F,R,54.5,48.83333333,RIGHT,46.27777778
635,HIGHSCHOOL,15.08829569,M,R,63.2,45.32374101,RIGHT,45.97122302
636,HIGHSCHOOL,14.87474333,F,R,61.4,34.61728395,RIGHT,35.25925926
637,HIGHSCHOOL,16.92539357,F,R,52.7,30.17241379,RIGHT,29.71264368
638,HIGHSCHOOL,17.34428474,F,R,70.9,40.85470085,RIGHT,35.70512821
639,HIGHSCHOOL,18.29979466,F,R,43.2,67.36842105,RIGHT,65.71929825
640,HIGHSCHOOL,15.81382615,M,R,87.7,62.36614853,RIGHT,58.66148532
641,HIGHSCHOOL,15.07186858,M,R,59.1,60.87179487,RIGHT,58.46153846
642,HIGHSCHOOL,17.24024641,F,R,78.2,39.72868217,RIGHT,38.6627907
643,HIGHSCHOOL,17.36892539,F,R,65.9,43.17241379,RIGHT,41.54022989
644,HIGHSCHOOL,15.32922656,M,R,79.8,32.87775247,RIGHT,30.41002278
645,HIGHSCHOOL,16.47091034,F,R,52.3,48.17391304,RIGHT,47.01449275
646,HIGHSCHOOL,17.7357974,F,R,76.1,31.4615691,RIGHT,30.04778973
647,HIGHSCHOOL,15.70704997,F,R,60.0,46.46464646,RIGHT,46.86868687
648,HIGHSCHOOL,18.35728953,F,R,56.2,42.61057174,RIGHT,41.47788565
649,HIGHSCHOOL,16.29295003,F,R,59.1,40.76923077,RIGHT,39.92307692
650,HIGHSCHOOL,17.29774127,F,R,50.1,61.28739801,RIGHT,56.39165911
651,HIGHSCHOOL,15.46885695,F,R,81.8,27.11111111,RIGHT,27.33333333
652,HIGHSCHOOL,16.31485284,F,R,61.4,45.67901235,RIGHT,42.32098765
653,HIGHSCHOOL,16.41615332,F,L,81.8,18.11111111,RIGHT,19.07407407
654,HIGHSCHOOL,15.26899384,F,R,109.1,31.52777778,RIGHT,29.84722222
655,HIGHSCHOOL,18.01232033,F,R,59.5,55.47073791,RIGHT,51.27226463
656,HIGHSCHOOL,15.77002053,F,R,61.4,48.83950617,RIGHT,45.33333333
657,HIGHSCHOOL,16.49281314,M,R,62.3,24.57420925,RIGHT,28.51581509
660,HIGHSCHOOL,16.29842574,F,R,59.1,52,RIGHT,52
661,HIGHSCHOOL,16.33675565,F,L,64.5,39.38967136,RIGHT,39.62441315
662,HIGHSCHOOL,15.84394251,F,L,86.2,22.46835443,RIGHT,25.19338959
663,HIGHSCHOOL,16.54757016,F,R,65.9,44.13793103,RIGHT,42.98850575
664,HIGHSCHOOL,16.67077344,F,R,60.9,31.84079602,RIGHT,34.4278607
665,HIGHSCHOOL,17.02395619,M,R,81.8,65.40740741,RIGHT,59.55555556
666,HIGHSCHOOL,23.75085558,M,R,68.2,65.51111111,RIGHT,65.02222222
667,HIGHSCHOOL,16.42984257,F,R,59.1,56.97435897,RIGHT,53.8974359
668,HIGHSCHOOL,16.65160849,M,R,72.7,69.16666667,RIGHT,64.91666667
669,HIGHSCHOOL,17.33607118,M,R,70.5,59.65591398,RIGHT,58.27956989
670,HIGHSCHOOL,16.84873374,F,R,45.5,60.13333333,RIGHT,56.93333333
671,HIGHSCHOOL,16.75564682,F,R,49.7,46.6179159,RIGHT,44.48507008
672,HIGHSCHOOL,18.81724846,F,R,57.7,36.37795276,RIGHT,36.48293963
673,HIGHSCHOOL,16.27926078,M,R,71.7,62.01943388,RIGHT,60.43514998
674,HIGHSCHOOL,15.01984942,F,R,65.9,36.36781609,RIGHT,32.11494253
675,HIGHSCHOOL,15.76728268,F,R,57.7,45.72178478,RIGHT,42.12598425
676,HIGHSCHOOL,16.83778234,F,R,64.7,40.87078652,RIGHT,41.61985019
677,HIGHSCHOOL,15.59753593,M,R,56.8,72,RIGHT,65.33333333
678,HIGHSCHOOL,15.6495551,F,R,68.7,35.670194,RIGHT,33.64197531
679,HIGHSCHOOL,16.92539357,F,R,55.0,55.20661157,RIGHT,53.00275482
680,HIGHSCHOOL,15.69336071,F,R,88.6,32.58119658,RIGHT,30.27350427
681,HIGHSCHOOL,16.89253936,F,R,91.6,24.8015873,RIGHT,22.99933862
682,HIGHSCHOOL,15.78644764,F,R,48.6,42.49221184,RIGHT,41.61993769
683,HIGHSCHOOL,17.64818617,F,R,56.7,45.13888889,RIGHT,39.28952991
684,HIGHSCHOOL,15.93429158,M,R,77.3,76.19607843,RIGHT,77.35294118
685,HIGHSCHOOL,16.5065024,M,R,81.4,77.09497207,RIGHT,75.75418994
686,HIGHSCHOOL,16.47364819,F,R,70.5,30.10752688,RIGHT,30.25806452
687,HIGHSCHOOL,16.30116359,F,R,48.2,57.86163522,RIGHT,52.79874214
688,HIGHSCHOOL,14.71047228,F,R,54.5,42.11111111,RIGHT,42.38888889
689,HIGHSCHOOL,16.06844627,F,R,53.6,57.34463277,RIGHT,53.89830508
690,HIGHSCHOOL,15.74537988,F,R,57.3,30.26455026,RIGHT,29.36507937
691,HIGHSCHOOL,16.46543463,F,R,40.1,68.26944885,RIGHT,66.36047479
692,HIGHSCHOOL,17.44010951,F,R,43.2,48.49122807,RIGHT,46.9122807
693,HIGHSCHOOL,16.65434634,F,R,59.1,40.25641026,RIGHT,37.94871795
694,HIGHSCHOOL,15.84941821,M,R,55.9,52.08672087,RIGHT,55.93495935
695,HIGHSCHOOL,15.41409993,M,R,56.8,55.09333333,RIGHT,51.97333333
696,HIGHSCHOOL,16.26283368,F,R,65.9,62.57471264,RIGHT,55.05747126
697,HIGHSCHOOL,16.36413415,M,R,60.2,35.34743202,RIGHT,34.89425982
698,HIGHSCHOOL,15.91512663,M,R,75.6,46.19391026,RIGHT,47.35576923
699,HIGHSCHOOL,14.40930869,F,R,60.0,37.57575758,RIGHT,32.12121212
700,HIGHSCHOOL,16.46269678,F,R,60.0,34.7979798,RIGHT,31.74242424
701,HIGHSCHOOL,17.7522245,M,R,84.1,47.81981982,RIGHT,46.88288288
702,HIGHSCHOOL,15.41409993,F,R,54.5,46.27777778,RIGHT,45.05555556
703,HIGHSCHOOL,14.82546201,F,R,65.0,46.66666667,RIGHT,46.13053613
704,HIGHSCHOOL,16.8733744,F,R,61.4,14.51851852,RIGHT,27.13580247
705,HIGHSCHOOL,16.862423,F,R,57.7,47.45406824,RIGHT,44.42257218